Gen,Resource,Stamp,TimeStamp_Start,TimeStamp_End,Duration,Indiv_id
0,1,FirstEvaluation,10133656718337,10134165982154,509263817,-1
0,1,STEP,10134166123661,10134170020636,3896975,-1
1,1,STEP,10134170083564,10134173115339,3031775,-1
2,1,STEP,10134173175262,10134176405009,3229747,-1
3,1,STEP,10134176465564,10134179569203,3103639,-1
4,1,STEP,10134179632823,10134182630593,2997770,-1
5,1,STEP,10134182691608,10134185483210,2791602,-1
6,1,STEP,10134185545467,10134188471732,2926265,-1
7,1,STEP,10134188535212,10134191381447,2846235,-1
8,1,STEP,10134191442672,10134194301039,2858367,-1
9,1,STEP,10134194361153,10134196481138,2119985,-1
10,1,STEP,10134196538817,10134199292517,2753700,-1
11,1,STEP,10134199353603,10134202840435,3486832,-1
12,1,STEP,10134202903083,10134206092234,3189151,-1
13,1,STEP,10134206154792,10134208637110,2482318,-1
14,1,STEP,10134208700680,10134211800723,3100043,-1
15,1,STEP,10134211864102,10134214464774,2600672,-1
16,1,STEP,10134214527663,10134217802555,3274892,-1
17,1,STEP,10134217871595,10134220259245,2387650,-1
18,1,STEP,10134220321422,10134223247788,2926366,-1
19,1,STEP,10134223313893,10134226052354,2738461,-1
20,1,STEP,10134226114892,10134228663576,2548684,-1
21,1,STEP,10134228725433,10134231518397,2792964,-1
22,1,STEP,10134231578731,10134234555792,2977061,-1
23,1,STEP,10134234619963,10134237057387,2437424,-1
24,1,STEP,10134237121928,10134239465034,2343106,-1
25,1,STEP,10134239524967,10134242721733,3196766,-1
26,1,STEP,10134242786465,10134245554321,2767856,-1
27,1,STEP,10134245624363,10134248485175,2860812,-1
28,1,STEP,10134248545168,10134250922088,2376920,-1
29,1,STEP,10134250983083,10134253875405,2892322,-1
30,1,STEP,10134253951328,10134256800167,2848839,-1
31,1,STEP,10134256864819,10134259466343,2601524,-1
32,1,STEP,10134259534982,10134261533239,1998257,-1
33,1,STEP,10134261592550,10134264345860,2753310,-1
34,1,STEP,10134264405703,10134267121361,2715658,-1
35,1,STEP,10134267182456,10134269913914,2731458,-1
36,1,STEP,10134269977845,10134272811005,2833160,-1
37,1,STEP,10134272876638,10134275239031,2362393,-1
38,1,STEP,10134275300447,10134277689800,2389353,-1
39,1,STEP,10134277754131,10134280536926,2782795,-1
40,1,STEP,10134280599033,10134283627090,3028057,-1
41,1,STEP,10134283688035,10134286054025,2365990,-1
42,1,STEP,10134286116021,10134289113792,2997771,-1
43,1,STEP,10134289178073,10134291710436,2532363,-1
44,1,STEP,10134291775619,10134294554437,2778818,-1
45,1,STEP,10134294616343,10134297695427,3079084,-1
46,1,STEP,10134297756101,10134301351918,3595817,-1
47,1,STEP,10134301414717,10134304262765,2848048,-1
48,1,STEP,10134304334329,10134307239415,2905086,-1
49,1,STEP,10134307296412,10134310080129,2783717,-1
50,1,STEP,10134310149019,10134313010562,2861543,-1
51,1,STEP,10134313075024,10134316541648,3466624,-1
52,1,STEP,10134316603955,10134319585956,2982001,-1
53,1,STEP,10134319652732,10134322901735,3249003,-1
54,1,STEP,10134322967319,10134325565596,2598277,-1
55,1,STEP,10134325629046,10134328669817,3040771,-1
56,1,STEP,10134328734198,10134332069334,3335136,-1
57,1,STEP,10134332133565,10134334976023,2842458,-1
58,1,STEP,10134335035334,10134338319104,3283770,-1
59,1,STEP,10134338390508,10134340848781,2458273,-1
60,1,STEP,10134340911149,10134343855168,2944019,-1
61,1,STEP,10134343920902,10134346254831,2333929,-1
62,1,STEP,10134346315355,10134349269053,2953698,-1
63,1,STEP,10134349332983,10134351835650,2502667,-1
64,1,STEP,10134351903558,10134354874798,2971240,-1
65,1,STEP,10134354937065,10134357254543,2317478,-1
66,1,STEP,10134357314496,10134359881675,2567179,-1
67,1,STEP,10134359946206,10134362796539,2850333,-1
68,1,STEP,10134362860609,10134365589052,2728443,-1
69,1,STEP,10134365655407,10134369260912,3605505,-1
70,1,STEP,10134369328550,10134371983224,2654674,-1
71,1,STEP,10134372053877,10134375447584,3393707,-1
72,1,STEP,10134375516544,10134378373919,2857375,-1
73,1,STEP,10134378445614,10134381040916,2595302,-1
74,1,STEP,10134381103474,10134383395243,2291769,-1
75,1,STEP,10134383465476,10134386459479,2994003,-1
76,1,STEP,10134386533488,10134389407916,2874428,-1
77,1,STEP,10134389480943,10134392241687,2760744,-1
78,1,STEP,10134392320515,10134394860112,2539597,-1
79,1,STEP,10134394924493,10134397393477,2468984,-1
80,1,STEP,10134397459351,10134400545688,3086337,-1
81,1,STEP,10134400612073,10134403544691,2932618,-1
82,1,STEP,10134403616256,10134406725216,3108960,-1
83,1,STEP,10134406799976,10134410003514,3203538,-1
84,1,STEP,10134410089997,10134413337999,3248002,-1
85,1,STEP,10134413402721,10134415833513,2430792,-1
86,1,STEP,10134415901901,10134418940188,3038287,-1
87,1,STEP,10134419008917,10134422251920,3243003,-1
88,1,STEP,10134422333564,10134425178045,2844481,-1
89,1,STEP,10134425253858,10134428359852,3105994,-1
90,1,STEP,10134428425406,10134431208482,2783076,-1
91,1,STEP,10134431276690,10134434394617,3117927,-1
92,1,STEP,10134434461212,10134437537701,3076489,-1
93,1,STEP,10134437608003,10134441201286,3593283,-1
94,1,STEP,10134441273011,10134444352655,3079644,-1
95,1,STEP,10134444421585,10134447099062,2677477,-1
96,1,STEP,10134447166559,10134449265906,2099347,-1
97,1,STEP,10134449341548,10134452353926,3012378,-1
98,1,STEP,10134452422184,10134455331888,2909704,-1
99,1,STEP,10134455412861,10134458202098,2789237,-1
100,1,STEP,10134458265878,10134461308283,3042405,-1
101,1,STEP,10134461373326,10134463949672,2576346,-1
102,1,STEP,10134464020455,10134466854757,2834302,-1
103,1,STEP,10134466923306,10134470140500,3217194,-1
104,1,STEP,10134470211203,10134472532328,2321125,-1
105,1,STEP,10134472601158,10134474868471,2267313,-1
106,1,STEP,10134474934436,10134477897871,2963435,-1
107,1,STEP,10134477973924,10134481404330,3430406,-1
108,1,STEP,10134481467799,10134484344972,2877173,-1
109,1,STEP,10134484410926,10134486882365,2471439,-1
110,1,STEP,10134486950453,10134490537945,3587492,-1
111,1,STEP,10134490602627,10134493419266,2816639,-1
112,1,STEP,10134493487685,10134496629547,3141862,-1
113,1,STEP,10134496697986,10134498836486,2138500,-1
114,1,STEP,10134498906047,10134501862359,2956312,-1
115,1,STEP,10134501929055,10134504907228,2978173,-1
116,1,STEP,10134504975737,10134507851197,2875460,-1
117,1,STEP,10134507922591,10134511351584,3428993,-1
118,1,STEP,10134511421336,10134514715104,3293768,-1
119,1,STEP,10134514783262,10134517710239,2926977,-1
120,1,STEP,10134517776925,10134520549100,2772175,-1
121,1,STEP,10134520633469,10134522981665,2348196,-1
122,1,STEP,10134523049723,10134525731688,2681965,-1
123,1,STEP,10134525799706,10134528549940,2750234,-1
124,1,STEP,10134528614331,10134531439796,2825465,-1
125,1,STEP,10134531502845,10134533646776,2143931,-1
126,1,STEP,10134533714704,10134536086665,2371961,-1
127,1,STEP,10134536149253,10134539046153,2896900,-1
128,1,STEP,10134539119411,10134541358982,2239571,-1
129,1,STEP,10134541420297,10134543783221,2362924,-1
130,1,STEP,10134543845399,10134546353787,2508388,-1
131,1,STEP,10134546416124,10134548883875,2467751,-1
132,1,STEP,10134548947395,10134551335256,2387861,-1
133,1,STEP,10134551397473,10134554103363,2705890,-1
134,1,STEP,10134554169357,10134556815565,2646208,-1
135,1,STEP,10134556880096,10134559544508,2664412,-1
136,1,STEP,10134559607998,10134562520197,2912199,-1
137,1,STEP,10134562584979,10134565057148,2472169,-1
138,1,STEP,10134565125297,10134567788426,2663129,-1
139,1,STEP,10134567851946,10134570608010,2756064,-1
140,1,STEP,10134570673364,10134573915635,3242271,-1
141,1,STEP,10134573982782,10134576686317,2703535,-1
142,1,STEP,10134576749075,10134579032770,2283695,-1
143,1,STEP,10134579097161,10134581733430,2636269,-1
144,1,STEP,10134581796960,10134584135387,2338427,-1
145,1,STEP,10134584197604,10134587089605,2892001,-1
146,1,STEP,10134587153465,10134589783482,2630017,-1
147,1,STEP,10134589859195,10134592707864,2848669,-1
148,1,STEP,10134592772476,10134595495368,2722892,-1
149,1,STEP,10134595560060,10134598066895,2506835,-1
150,1,STEP,10134598129893,10134600638692,2508799,-1
151,1,STEP,10134600701991,10134603373697,2671706,-1
152,1,STEP,10134603442597,10134606047858,2605261,-1
153,1,STEP,10134606133770,10134608724873,2591103,-1
154,1,STEP,10134608790727,10134611416546,2625819,-1
155,1,STEP,10134611479916,10134614234477,2754561,-1
156,1,STEP,10134614301253,10134617161845,2860592,-1
157,1,STEP,10134617234953,10134620086167,2851214,-1
158,1,STEP,10134620158182,10134623013834,2855652,-1
159,1,STEP,10134623087654,10134625510630,2422976,-1
160,1,STEP,10134625574230,10134628289728,2715498,-1
161,1,STEP,10134628362666,10134631095056,2732390,-1
162,1,STEP,10134631159207,10134633755882,2596675,-1
163,1,STEP,10134633825383,10134636390357,2564974,-1
164,1,STEP,10134636453817,10134639025984,2572167,-1
165,1,STEP,10134639090406,10134641678915,2588509,-1
166,1,STEP,10134641741422,10134644538915,2797493,-1
167,1,STEP,10134644604529,10134647470270,2865741,-1
168,1,STEP,10134647540673,10134650192661,2651988,-1
169,1,STEP,10134650260218,10134652616940,2356722,-1
170,1,STEP,10134652684447,10134655311890,2627443,-1
171,1,STEP,10134655384306,10134657557171,2172865,-1
172,1,STEP,10134657626482,10134660921763,3295281,-1
173,1,STEP,10134660982308,10134663214515,2232207,-1
174,1,STEP,10134663277373,10134665863949,2586576,-1
175,1,STEP,10134665924763,10134668580258,2655495,-1
176,1,STEP,10134668640462,10134671283403,2642941,-1
177,1,STEP,10134671346261,10134673940341,2594080,-1
178,1,STEP,10134674001406,10134676497661,2496255,-1
179,1,STEP,10134676558515,10134679339306,2780791,-1
180,1,STEP,10134679400161,10134682110419,2710258,-1
181,1,STEP,10134682174751,10134684568592,2393841,-1
182,1,STEP,10134684629838,10134687378248,2748410,-1
183,1,STEP,10134687443441,10134690167756,2724315,-1
184,1,STEP,10134690228421,10134693094923,2866502,-1
185,1,STEP,10134693155327,10134695530754,2375427,-1
186,1,STEP,10134695602800,10134698193623,2590823,-1
187,1,STEP,10134698253887,10134701079412,2825525,-1
188,1,STEP,10134701140888,10134703525462,2384574,-1
189,1,STEP,10134703598550,10134706222265,2623715,-1
190,1,STEP,10134706283741,10134708986265,2702524,-1
191,1,STEP,10134709047580,10134711619378,2571798,-1
192,1,STEP,10134711680322,10134714074475,2394153,-1
193,1,STEP,10134714136181,10134717014527,2878346,-1
194,1,STEP,10134717074149,10134719614928,2540779,-1
195,1,STEP,10134719677155,10134722249113,2571958,-1
196,1,STEP,10134722309206,10134724268719,1959513,-1
197,1,STEP,10134724333902,10134727021748,2687846,-1
198,1,STEP,10134727084867,10134729493006,2408139,-1
199,1,STEP,10134729555724,10134732605673,3049949,-1
200,1,STEP,10134732669313,10134735301323,2632010,-1
201,1,STEP,10134735364993,10134738374646,3009653,-1
202,1,STEP,10134738446982,10134741121984,2675002,-1
203,1,STEP,10134741184492,10134743696246,2511754,-1
204,1,STEP,10134743759375,10134746408228,2648853,-1
205,1,STEP,10134746471918,10134749045178,2573260,-1
206,1,STEP,10134749108758,10134752038029,2929271,-1
207,1,STEP,10134752101328,10134754934959,2833631,-1
208,1,STEP,10134754999751,10134757774260,2774509,-1
209,1,STEP,10134757843972,10134760889111,3045139,-1
210,1,STEP,10134760955556,10134763677827,2722271,-1
211,1,STEP,10134763740896,10134766416098,2675202,-1
212,1,STEP,10134766480650,10134768740469,2259819,-1
213,1,STEP,10134768808167,10134771543382,2735215,-1
214,1,STEP,10134771611019,10134774034948,2423929,-1
215,1,STEP,10134774101974,10134777172061,3070087,-1
216,1,STEP,10134777236042,10134779856822,2620780,-1
217,1,STEP,10134779920672,10134782535490,2614818,-1
218,1,STEP,10134782597948,10134785362709,2764761,-1
219,1,STEP,10134785425708,10134788606663,3180955,-1
220,1,STEP,10134788672377,10134790858066,2185689,-1
221,1,STEP,10134790921847,10134793074033,2152186,-1
222,1,STEP,10134793138364,10134795704491,2566127,-1
223,1,STEP,10134795768101,10134798504448,2736347,-1
224,1,STEP,10134798568639,10134801016953,2448314,-1
225,1,STEP,10134801080694,10134803593360,2512666,-1
226,1,STEP,10134803656869,10134806261800,2604931,-1
227,1,STEP,10134806329347,10134808994340,2664993,-1
228,1,STEP,10134809066356,10134811843891,2777535,-1
229,1,STEP,10134811916347,10134814397403,2481056,-1
230,1,STEP,10134814460843,10134817345279,2884436,-1
231,1,STEP,10134817411244,10134819762896,2351652,-1
232,1,STEP,10134819827468,10134822809789,2982321,-1
233,1,STEP,10134822876464,10134825655071,2778607,-1
234,1,STEP,10134825721767,10134828436694,2714927,-1
235,1,STEP,10134828506646,10134831019633,2512987,-1
236,1,STEP,10134831090286,10134833499417,2409131,-1
237,1,STEP,10134833565441,10134836247416,2681975,-1
238,1,STEP,10134836313250,10134839013550,2700300,-1
239,1,STEP,10134839089112,10134841579015,2489903,-1
240,1,STEP,10134841657663,10134844410061,2752398,-1
241,1,STEP,10134844471477,10134847412099,2940622,-1
242,1,STEP,10134847474186,10134849822873,2348687,-1
243,1,STEP,10134849884539,10134852344055,2459516,-1
244,1,STEP,10134852404068,10134855274558,2870490,-1
245,1,STEP,10134855343979,10134858010274,2666295,-1
246,1,STEP,10134858074024,10134860488516,2414492,-1
247,1,STEP,10134860550703,10134863117451,2566748,-1
248,1,STEP,10134863180439,10134865967162,2786723,-1
249,1,STEP,10134866030191,10134868206613,2176422,-1
250,1,STEP,10134868272577,10134870908034,2635457,-1
251,1,STEP,10134870970001,10134873635134,2665133,-1
252,1,STEP,10134873695598,10134876257557,2561959,-1
253,1,STEP,10134876317740,10134878984877,2667137,-1
254,1,STEP,10134879046243,10134882180410,3134167,-1
255,1,STEP,10134882239972,10134884778837,2538865,-1
256,1,STEP,10134884846415,10134887473497,2627082,-1
257,1,STEP,10134887534602,10134890391908,2857306,-1
258,1,STEP,10134890454786,10134893123907,2669121,-1
259,1,STEP,10134893183589,10134895992944,2809355,-1
260,1,STEP,10134896055342,10134898622280,2566938,-1
261,1,STEP,10134898685208,10134901219154,2533946,-1
262,1,STEP,10134901279779,10134904243494,2963715,-1
263,1,STEP,10134904305191,10134906823477,2518286,-1
264,1,STEP,10134906881987,10134909903592,3021605,-1
265,1,STEP,10134909975859,10134912443429,2467570,-1
266,1,STEP,10134912504024,10134915025065,2521041,-1
267,1,STEP,10134915084587,10134917368933,2284346,-1
268,1,STEP,10134917428866,10134920088018,2659152,-1
269,1,STEP,10134920149414,10134922563504,2414090,-1
270,1,STEP,10134922624279,10134925298599,2674320,-1
271,1,STEP,10134925359203,10134928243660,2884457,-1
272,1,STEP,10134928308041,10134930660736,2352695,-1
273,1,STEP,10134930724285,10134933408184,2683899,-1
274,1,STEP,10134933470221,10134935790895,2320674,-1
275,1,STEP,10134935851439,10134938069519,2218080,-1
276,1,STEP,10134938134903,10134940682675,2547772,-1
277,1,STEP,10134940744481,10134943338540,2594059,-1
278,1,STEP,10134943399425,10134946186238,2786813,-1
279,1,STEP,10134946248174,10134948666102,2417928,-1
280,1,STEP,10134948728600,10134951021993,2293393,-1
281,1,STEP,10134951083268,10134954060580,2977312,-1
282,1,STEP,10134954125312,10134956704012,2578700,-1
283,1,STEP,10134956765578,10134959400925,2635347,-1
284,1,STEP,10134959462160,10134962283097,2820937,-1
285,1,STEP,10134962343852,10134964648545,2304693,-1
286,1,STEP,10134964714670,10134967103412,2388742,-1
287,1,STEP,10134967168184,10134969627279,2459095,-1
288,1,STEP,10134969697351,10134972347095,2649744,-1
289,1,STEP,10134972420494,10134975146592,2726098,-1
290,1,STEP,10134975207868,10134977650462,2442594,-1
291,1,STEP,10134977716406,10134980275870,2559464,-1
292,1,STEP,10134980342466,10134982553413,2210947,-1
293,1,STEP,10134982621170,10134985091216,2470046,-1
294,1,STEP,10134985156529,10134987606497,2449968,-1
295,1,STEP,10134987676408,10134990354917,2678509,-1
296,1,STEP,10134990416252,10134992814563,2398311,-1
297,1,STEP,10134992875037,10134995488903,2613866,-1
298,1,STEP,10134995549618,10134997877806,2328188,-1
299,1,STEP,10134997945223,10134999903484,1958261,-1
300,1,STEP,10134999966212,10135002316602,2350390,-1
301,1,STEP,10135002383408,10135004667603,2284195,-1
302,1,STEP,10135004735461,10135007615590,2880129,-1
303,1,STEP,10135007677927,10135010192587,2514660,-1
304,1,STEP,10135010260054,10135012876295,2616241,-1
305,1,STEP,10135012941207,10135015757926,2816719,-1
306,1,STEP,10135015819953,10135018628497,2808544,-1
307,1,STEP,10135018690293,10135021650883,2960590,-1
308,1,STEP,10135021713271,10135024263267,2549996,-1
309,1,STEP,10135024326005,10135026860863,2534858,-1
310,1,STEP,10135026929352,10135029778271,2848919,-1
311,1,STEP,10135029848454,10135032575674,2727220,-1
312,1,STEP,10135032634936,10135035564287,2929351,-1
313,1,STEP,10135035624882,10135038337214,2712332,-1
314,1,STEP,10135038397037,10135041130819,2733782,-1
315,1,STEP,10135041200430,10135043957837,2757407,-1
316,1,STEP,10135044025465,10135046680910,2655445,-1
317,1,STEP,10135046742025,10135049272735,2530710,-1
318,1,STEP,10135049341925,10135051834834,2492909,-1
319,1,STEP,10135051902211,10135054660199,2757988,-1
320,1,STEP,10135054734439,10135057650405,2915966,-1
321,1,STEP,10135057710297,10135060857489,3147192,-1
322,1,STEP,10135060919446,10135063549573,2630127,-1
323,1,STEP,10135063609947,10135066441645,2831698,-1
324,1,STEP,10135066503782,10135069734291,3230509,-1
325,1,STEP,10135069802289,10135072584272,2781983,-1
326,1,STEP,10135072657671,10135075685147,3027476,-1
327,1,STEP,10135075751652,10135078758509,3006857,-1
328,1,STEP,10135078820566,10135081479979,2659413,-1
329,1,STEP,10135081540683,10135084211086,2670403,-1
330,1,STEP,10135084270779,10135087739907,3469128,-1
331,1,STEP,10135087804559,10135090439375,2634816,-1
332,1,STEP,10135090512663,10135093444409,2931746,-1
333,1,STEP,10135093505655,10135096099764,2594109,-1
334,1,STEP,10135096160699,10135098805534,2644835,-1
335,1,STEP,10135098866188,10135101704548,2838360,-1
336,1,STEP,10135101765192,10135104635101,2869909,-1
337,1,STEP,10135104694293,10135107693375,2999082,-1
338,1,STEP,10135107754431,10135110573534,2819103,-1
339,1,STEP,10135110635641,10135113250099,2614458,-1
340,1,STEP,10135113311033,10135115843306,2532273,-1
341,1,STEP,10135115904902,10135118611153,2706251,-1
342,1,STEP,10135118672759,10135121223547,2550788,-1
343,1,STEP,10135121286346,10135124097735,2811389,-1
344,1,STEP,10135124159231,10135127460382,3301151,-1
345,1,STEP,10135127523321,10135130661616,3138295,-1
346,1,STEP,10135130722401,10135132819132,2096731,-1
347,1,STEP,10135132890026,10135135488053,2598027,-1
348,1,STEP,10135135547936,10135138378861,2830925,-1
349,1,STEP,10135138439656,10135141152819,2713163,-1
350,1,STEP,10135141213494,10135143783828,2570334,-1
351,1,STEP,10135143843771,10135146457578,2613807,-1
352,1,STEP,10135146518493,10135149498089,2979596,-1
353,1,STEP,10135149559485,10135152315890,2756405,-1
354,1,STEP,10135152376945,10135155347354,2970409,-1
355,1,STEP,10135155407768,10135157981629,2573861,-1
356,1,STEP,10135158041852,10135160760326,2718474,-1
357,1,STEP,10135160824036,10135163744320,2920284,-1
358,1,STEP,10135163806347,10135165964464,2158117,-1
359,1,STEP,10135166030629,10135168834053,2803424,-1
360,1,STEP,10135168894266,10135171327072,2432806,-1
361,1,STEP,10135171388648,10135174180870,2792222,-1
362,1,STEP,10135174242487,10135176781012,2538525,-1
363,1,STEP,10135176841846,10135179587181,2745335,-1
364,1,STEP,10135179648216,10135182480394,2832178,-1
365,1,STEP,10135182540016,10135184813712,2273696,-1
366,1,STEP,10135184872112,10135187804308,2932196,-1
367,1,STEP,10135187866015,10135190294672,2428657,-1
368,1,STEP,10135190355707,10135193116360,2760653,-1
369,1,STEP,10135193176263,10135195584983,2408720,-1
370,1,STEP,10135195644986,10135198283780,2638794,-1
371,1,STEP,10135198346878,10135200416259,2069381,-1
372,1,STEP,10135200484227,10135203235613,2751386,-1
373,1,STEP,10135203319451,10135206303756,2984305,-1
374,1,STEP,10135206365823,10135208425996,2060173,-1
375,1,STEP,10135208490438,10135211084897,2594459,-1
376,1,STEP,10135211146764,10135213663558,2516794,-1
377,1,STEP,10135213723461,10135216422077,2698616,-1
378,1,STEP,10135216483272,10135219130902,2647630,-1
379,1,STEP,10135219192328,10135221668926,2476598,-1
380,1,STEP,10135221750079,10135224304754,2554675,-1
381,1,STEP,10135224365949,10135226640496,2274547,-1
382,1,STEP,10135226701511,10135229602178,2900667,-1
383,1,STEP,10135229663654,10135232390924,2727270,-1
384,1,STEP,10135232452881,10135234811016,2358135,-1
385,1,STEP,10135234878022,10135237621604,2743582,-1
386,1,STEP,10135237697256,10135240741474,3044218,-1
387,1,STEP,10135240812558,10135243583671,2771113,-1
388,1,STEP,10135243653543,10135246363270,2709727,-1
389,1,STEP,10135246428282,10135249159189,2730907,-1
390,1,STEP,10135249219042,10135251903181,2684139,-1
391,1,STEP,10135251963886,10135254583904,2620018,-1
392,1,STEP,10135254645710,10135257164748,2519038,-1
393,1,STEP,10135257224871,10135259989462,2764591,-1
394,1,STEP,10135260058672,10135262453206,2394534,-1
395,1,STEP,10135262513890,10135265104533,2590643,-1
396,1,STEP,10135265176589,10135267710976,2534387,-1
397,1,STEP,10135267768805,10135270722161,2953356,-1
398,1,STEP,10135270794768,10135273338032,2543264,-1
399,1,STEP,10135273400930,10135276092343,2691413,-1
400,1,STEP,10135276153017,10135279090043,2937026,-1
401,1,STEP,10135279152060,10135281800521,2648461,-1
402,1,STEP,10135281887495,10135285104719,3217224,-1
403,1,STEP,10135285165283,10135288032297,2867014,-1
404,1,STEP,10135288094745,10135290700706,2605961,-1
405,1,STEP,10135290758736,10135293505183,2746447,-1
406,1,STEP,10135293562912,10135296053876,2490964,-1
407,1,STEP,10135296113609,10135298479949,2366340,-1
408,1,STEP,10135298546334,10135301267443,2721109,-1
409,1,STEP,10135301328959,10135304439882,3110923,-1
410,1,STEP,10135304503492,10135306848171,2344679,-1
411,1,STEP,10135306908826,10135309762544,2853718,-1
412,1,STEP,10135309831043,10135312316838,2485795,-1
413,1,STEP,10135312378655,10135315115623,2736968,-1
414,1,STEP,10135315177059,10135317465993,2288934,-1
415,1,STEP,10135317530565,10135319747193,2216628,-1
416,1,STEP,10135319815322,10135322382050,2566728,-1
417,1,STEP,10135322450859,10135325217314,2766455,-1
418,1,STEP,10135325280603,10135328039503,2758900,-1
419,1,STEP,10135328113632,10135330828219,2714587,-1
420,1,STEP,10135330890887,10135332877251,1986364,-1
421,1,STEP,10135332944948,10135335736540,2791592,-1
422,1,STEP,10135335800440,10135338555994,2755554,-1
423,1,STEP,10135338620415,10135340642446,2022031,-1
424,1,STEP,10135340710434,10135343440580,2730146,-1
425,1,STEP,10135343504310,10135346384349,2880039,-1
426,1,STEP,10135346449361,10135348960494,2511133,-1
427,1,STEP,10135349022101,10135351832748,2810647,-1
428,1,STEP,10135351897600,10135354068312,2170712,-1
429,1,STEP,10135354135619,10135356672510,2536891,-1
430,1,STEP,10135356733775,10135359334577,2600802,-1
431,1,STEP,10135359398227,10135361737236,2339009,-1
432,1,STEP,10135361799784,10135363893029,2093245,-1
433,1,STEP,10135363959484,10135366612955,2653471,-1
434,1,STEP,10135366676175,10135369394859,2718684,-1
435,1,STEP,10135369458719,10135372248647,2789928,-1
436,1,STEP,10135372312428,10135375135859,2823431,-1
437,1,STEP,10135375198968,10135378048940,2849972,-1
438,1,STEP,10135378114333,10135381028706,2914373,-1
439,1,STEP,10135381092296,10135383759614,2667318,-1
440,1,STEP,10135383822813,10135386130933,2308120,-1
441,1,STEP,10135386203159,10135388845720,2642561,-1
442,1,STEP,10135388917215,10135391312028,2394813,-1
443,1,STEP,10135391378373,10135394012308,2633935,-1
444,1,STEP,10135394075316,10135396304077,2228761,-1
445,1,STEP,10135396376373,10135399205075,2828702,-1
446,1,STEP,10135399266360,10135401460095,2193735,-1
447,1,STEP,10135401523424,10135404241096,2717672,-1
448,1,STEP,10135404302622,10135406932299,2629677,-1
449,1,STEP,10135406993003,10135409806647,2813644,-1
450,1,STEP,10135409875056,10135412408000,2532944,-1
451,1,STEP,10135412490926,10135415565100,3074174,-1
452,1,STEP,10135415627508,10135418117721,2490213,-1
453,1,STEP,10135418180059,10135421179212,2999153,-1
454,1,STEP,10135421240958,10135423161137,1920179,-1
455,1,STEP,10135423228674,10135425395338,2166664,-1
456,1,STEP,10135425464358,10135428193492,2729134,-1
457,1,STEP,10135428259146,10135431363667,3104521,-1
458,1,STEP,10135431451462,10135434346449,2894987,-1
459,1,STEP,10135434408897,10135436731835,2322938,-1
460,1,STEP,10135436801116,10135439469896,2668780,-1
461,1,STEP,10135439532013,10135442317593,2785580,-1
462,1,STEP,10135442381544,10135444991523,2609979,-1
463,1,STEP,10135445061184,10135447952464,2891280,-1
464,1,STEP,10135448022626,10135450411749,2389123,-1
465,1,STEP,10135450477383,10135453695328,3217945,-1
466,1,STEP,10135453763546,10135456388424,2624878,-1
467,1,STEP,10135456450691,10135459261919,2811228,-1
468,1,STEP,10135459330789,10135462135986,2805197,-1
469,1,STEP,10135462204506,10135464763419,2558913,-1
470,1,STEP,10135464827931,10135467122205,2294274,-1
471,1,STEP,10135467189231,10135469517900,2328669,-1
472,1,STEP,10135469585748,10135472225594,2639846,-1
473,1,STEP,10135472307288,10135474684839,2377551,-1
474,1,STEP,10135474747276,10135477412911,2665635,-1
475,1,STEP,10135477494384,10135480373621,2879237,-1
476,1,STEP,10135480444144,10135482985233,2541089,-1
477,1,STEP,10135483050296,10135486109141,3058845,-1
478,1,STEP,10135486175847,10135488600346,2424499,-1
479,1,STEP,10135488674065,10135491391066,2717001,-1
480,1,STEP,10135491462732,10135493863557,2400825,-1
481,1,STEP,10135493941804,10135496733186,2791382,-1
482,1,STEP,10135496809119,10135499609777,2800658,-1
483,1,STEP,10135499677445,10135502536243,2858798,-1
484,1,STEP,10135502596306,10135505506141,2909835,-1
485,1,STEP,10135505596761,10135508156887,2560126,-1
486,1,STEP,10135508242829,10135511162612,2919783,-1
487,1,STEP,10135511255617,10135513518542,2262925,-1
488,1,STEP,10135513606488,10135516023934,2417446,-1
489,1,STEP,10135516090500,10135518785659,2695159,-1
490,1,STEP,10135518854188,10135522020196,3166008,-1
491,1,STEP,10135522106859,10135524635095,2528236,-1
492,1,STEP,10135524708313,10135527425584,2717271,-1
493,1,STEP,10135527509102,10135530311423,2802321,-1
494,1,STEP,10135530383650,10135533451221,3067571,-1
495,1,STEP,10135533539808,10135536554671,3014863,-1
496,1,STEP,10135536633940,10135539621210,2987270,-1
497,1,STEP,10135539693446,10135542193478,2500032,-1
498,1,STEP,10135542274972,10135544762691,2487719,-1
499,1,STEP,10135544848743,10135547382909,2534166,-1
500,1,STEP,10135547451959,10135549787962,2336003,-1
501,1,STEP,10135549857964,10135552601926,2743962,-1
502,1,STEP,10135552671488,10135555643549,2972061,-1
503,1,STEP,10135555709654,10135558189798,2480144,-1
504,1,STEP,10135558255683,10135560534317,2278634,-1
505,1,STEP,10135560596134,10135563216082,2619948,-1
506,1,STEP,10135563287236,10135565806765,2519529,-1
507,1,STEP,10135565880684,10135568945921,3065237,-1
508,1,STEP,10135569013469,10135571327640,2314171,-1
509,1,STEP,10135571396530,10135573990870,2594340,-1
510,1,STEP,10135574055822,10135576970676,2914854,-1
511,1,STEP,10135577044756,10135579632413,2587657,-1
512,1,STEP,10135579720118,10135582563478,2843360,-1
513,1,STEP,10135582642727,10135585597136,2954409,-1
514,1,STEP,10135585666506,10135588547256,2880750,-1
515,1,STEP,10135588629190,10135591431432,2802242,-1
516,1,STEP,10135591503688,10135594389257,2885569,-1
517,1,STEP,10135594457976,10135597165219,2707243,-1
518,1,STEP,10135597238086,10135600624669,3386583,-1
519,1,STEP,10135600712184,10135603973140,3260956,-1
520,1,STEP,10135604046158,10135607086568,3040410,-1
521,1,STEP,10135607157642,10135610156185,2998543,-1
522,1,STEP,10135610223481,10135613222113,2998632,-1
523,1,STEP,10135613287597,10135615724209,2436612,-1
524,1,STEP,10135615786717,10135618544164,2757447,-1
525,1,STEP,10135618610098,10135621052201,2442103,-1
526,1,STEP,10135621120580,10135623734136,2613556,-1
527,1,STEP,10135623814086,10135626600448,2786362,-1
528,1,STEP,10135626667645,10135629358456,2690811,-1
529,1,STEP,10135629429811,10135631953087,2523276,-1
530,1,STEP,10135632020594,10135634664016,2643422,-1
531,1,STEP,10135634746862,10135637032441,2285579,-1
532,1,STEP,10135637123743,10135639341693,2217950,-1
533,1,STEP,10135639419840,10135641891790,2471950,-1
534,1,STEP,10135641961250,10135644828004,2866754,-1
535,1,STEP,10135644895581,10135647357651,2462070,-1
536,1,STEP,10135647423255,10135650365020,2941765,-1
537,1,STEP,10135650435192,10135653615065,3179873,-1
538,1,STEP,10135653696679,10135656422717,2726038,-1
539,1,STEP,10135656497869,10135658835024,2337155,-1
540,1,STEP,10135658899786,10135661948271,3048485,-1
541,1,STEP,10135662028082,10135664414610,2386528,-1
542,1,STEP,10135664481977,10135666886860,2404883,-1
543,1,STEP,10135666950740,10135668946532,1995792,-1
544,1,STEP,10135669008569,10135671686947,2678378,-1
545,1,STEP,10135671757951,10135674360727,2602776,-1
546,1,STEP,10135674425559,10135676928356,2502797,-1
547,1,STEP,10135676997186,10135679923752,2926566,-1
548,1,STEP,10135679995126,10135682527790,2532664,-1
549,1,STEP,10135682598824,10135684876136,2277312,-1
550,1,STEP,10135684943994,10135687433175,2489181,-1
551,1,STEP,10135687501624,10135689750302,2248678,-1
552,1,STEP,10135689832177,10135692142010,2309833,-1
553,1,STEP,10135692204959,10135694795852,2590893,-1
554,1,STEP,10135694863339,10135697689928,2826589,-1
555,1,STEP,10135697770319,10135700588230,2817911,-1
556,1,STEP,10135700673220,10135703550974,2877754,-1
557,1,STEP,10135703630694,10135706494562,2863868,-1
558,1,STEP,10135706565937,10135709903648,3337711,-1
559,1,STEP,10135709973199,10135713063082,3089883,-1
560,1,STEP,10135713129558,10135715610063,2480505,-1
561,1,STEP,10135715672741,10135718626157,2953416,-1
562,1,STEP,10135718699716,10135721217041,2517325,-1
563,1,STEP,10135721289447,10135723531573,2242126,-1
564,1,STEP,10135723605102,10135726478909,2873807,-1
565,1,STEP,10135726547678,10135729511485,2963807,-1
566,1,STEP,10135729579162,10135732769756,3190594,-1
567,1,STEP,10135732836612,10135735895577,3058965,-1
568,1,STEP,10135735959978,10135738215409,2255431,-1
569,1,STEP,10135738278208,10135740998785,2720577,-1
570,1,STEP,10135741062275,10135743532771,2470496,-1
571,1,STEP,10135743595620,10135746055486,2459866,-1
572,1,STEP,10135746119016,10135748615972,2496956,-1
573,1,STEP,10135748678630,10135751265746,2587116,-1
574,1,STEP,10135751328675,10135753725884,2397209,-1
575,1,STEP,10135753790876,10135756293523,2502647,-1
576,1,STEP,10135756358065,10135759395760,3037695,-1
577,1,STEP,10135759465001,10135762007262,2542261,-1
578,1,STEP,10135762070491,10135764708483,2637992,-1
579,1,STEP,10135764772564,10135767460260,2687696,-1
580,1,STEP,10135767539169,10135770832406,3293237,-1
581,1,STEP,10135770898290,10135773536071,2637781,-1
582,1,STEP,10135773599371,10135775708806,2109435,-1
583,1,STEP,10135775776003,10135778544411,2768408,-1
584,1,STEP,10135778609704,10135780881076,2271372,-1
585,1,STEP,10135780944425,10135784174834,3230409,-1
586,1,STEP,10135784258932,10135787091812,2832880,-1
587,1,STEP,10135787158407,10135789163837,2005430,-1
588,1,STEP,10135789237165,10135792327980,3090815,-1
589,1,STEP,10135792392783,10135794946035,2553252,-1
590,1,STEP,10135795012530,10135797698302,2685772,-1
591,1,STEP,10135797761041,10135799758275,1997234,-1
592,1,STEP,10135799826093,10135802159971,2333878,-1
593,1,STEP,10135802227829,10135804814114,2586285,-1
594,1,STEP,10135804884076,10135807723638,2839562,-1
595,1,STEP,10135807789682,10135810408037,2618355,-1
596,1,STEP,10135810471266,10135813582251,3110985,-1
597,1,STEP,10135813649567,10135816240441,2590874,-1
598,1,STEP,10135816302598,10135818574620,2272022,-1
599,1,STEP,10135818638230,10135821490386,2852156,-1
600,1,STEP,10135821554096,10135824322674,2768578,-1
601,1,STEP,10135824385933,10135827393101,3007168,-1
602,1,STEP,10135827456971,10135829720838,2263867,-1
603,1,STEP,10135829785019,10135833055273,3270254,-1
604,1,STEP,10135833120165,10135835395574,2275409,-1
605,1,STEP,10135835461879,10135837883934,2422055,-1
606,1,STEP,10135837958955,10135840761147,2802192,-1
607,1,STEP,10135840829907,10135843487736,2657829,-1
608,1,STEP,10135843551166,10135846349119,2797953,-1
609,1,STEP,10135846412569,10135849150860,2738291,-1
610,1,STEP,10135849213398,10135852600692,3387294,-1
611,1,STEP,10135852664833,10135854993512,2328679,-1
612,1,STEP,10135855064145,10135857528390,2464245,-1
613,1,STEP,10135857591388,10135860333907,2742519,-1
614,1,STEP,10135860396125,10135863164222,2768097,-1
615,1,STEP,10135863229254,10135865922490,2693236,-1
616,1,STEP,10135865986571,10135869170924,3184353,-1
617,1,STEP,10135869235235,10135872112157,2876922,-1
618,1,STEP,10135872186898,10135874852422,2665524,-1
619,1,STEP,10135874917865,10135877665594,2747729,-1
620,1,STEP,10135877729835,10135880095003,2365168,-1
621,1,STEP,10135880162971,10135882846740,2683769,-1
622,1,STEP,10135882911341,10135886026453,3115112,-1
623,1,STEP,10135886091265,10135888723175,2631910,-1
624,1,STEP,10135888791744,10135891449594,2657850,-1
625,1,STEP,10135891516039,10135894250243,2734204,-1
626,1,STEP,10135894319543,10135897114532,2794989,-1
627,1,STEP,10135897178302,10135899726996,2548694,-1
628,1,STEP,10135899789954,10135902734083,2944129,-1
629,1,STEP,10135902798585,10135906101039,3302454,-1
630,1,STEP,10135906182663,10135908761854,2579191,-1
631,1,STEP,10135908825103,10135911371002,2545899,-1
632,1,STEP,10135911434612,10135914215383,2780771,-1
633,1,STEP,10135914279564,10135917255192,2975628,-1
634,1,STEP,10135917318862,10135919833622,2514760,-1
635,1,STEP,10135919896921,10135922541295,2644374,-1
636,1,STEP,10135922604835,10135924959062,2354227,-1
637,1,STEP,10135925020448,10135927303261,2282813,-1
638,1,STEP,10135927370377,10135930513051,3142674,-1
639,1,STEP,10135930579667,10135933269236,2689569,-1
640,1,STEP,10135933331944,10135935955950,2624006,-1
641,1,STEP,10135936020581,10135938955473,2934892,-1
642,1,STEP,10135939020355,10135941602061,2581706,-1
643,1,STEP,10135941664870,10135944261313,2596443,-1
644,1,STEP,10135944324552,10135947309088,2984536,-1
645,1,STEP,10135947376324,10135950337576,2961252,-1
646,1,STEP,10135950400133,10135952772044,2371911,-1
647,1,STEP,10135952835534,10135955527959,2692425,-1
648,1,STEP,10135955591829,10135958182783,2590954,-1
649,1,STEP,10135958245581,10135961053343,2807762,-1
650,1,STEP,10135961116963,10135964081250,2964287,-1
651,1,STEP,10135964148727,10135967203855,3055128,-1
652,1,STEP,10135967267235,10135970190845,2923610,-1
653,1,STEP,10135970254986,10135973054683,2799697,-1
654,1,STEP,10135973117702,10135975697955,2580253,-1
655,1,STEP,10135975763608,10135978663574,2899966,-1
656,1,STEP,10135978727905,10135981053839,2325934,-1
657,1,STEP,10135981116267,10135984147240,3030973,-1
658,1,STEP,10135984211692,10135986838192,2626500,-1
659,1,STEP,10135986901341,10135989316583,2415242,-1
660,1,STEP,10135989379242,10135991834259,2455017,-1
661,1,STEP,10135991896736,10135995262821,3366085,-1
662,1,STEP,10135995329466,10135998143851,2814385,-1
663,1,STEP,10135998207240,10136000792172,2584932,-1
664,1,STEP,10136000854129,10136002996337,2142208,-1
665,1,STEP,10136003067310,10136006208110,3140800,-1
666,1,STEP,10136006283803,10136009319264,3035461,-1
667,1,STEP,10136009383685,10136012599587,3215902,-1
668,1,STEP,10136012666213,10136016025254,3359041,-1
669,1,STEP,10136016089735,10136019131388,3041653,-1
670,1,STEP,10136019195820,10136021801671,2605851,-1
671,1,STEP,10136021883555,10136024414756,2531201,-1
672,1,STEP,10136024478486,10136027151324,2672838,-1
673,1,STEP,10136027213020,10136029855531,2642511,-1
674,1,STEP,10136029923479,10136033076361,3152882,-1
675,1,STEP,10136033140993,10136035870527,2729534,-1
676,1,STEP,10136035934488,10136038652170,2717682,-1
677,1,STEP,10136038724306,10136041699985,2975679,-1
678,1,STEP,10136041770669,10136044349309,2578640,-1
679,1,STEP,10136044421866,10136046940392,2518526,-1
680,1,STEP,10136047005906,10136049324366,2318460,-1
681,1,STEP,10136049386312,10136052357903,2971591,-1
682,1,STEP,10136052421012,10136055448087,3027075,-1
683,1,STEP,10136055521556,10136058201998,2680442,-1
684,1,STEP,10136058267742,10136061091885,2824143,-1
685,1,STEP,10136061159342,10136063792284,2632942,-1
686,1,STEP,10136063862587,10136066893189,3030602,-1
687,1,STEP,10136066956308,10136069763679,2807371,-1
688,1,STEP,10136069833861,10136072731563,2897702,-1
689,1,STEP,10136072806314,10136075302649,2496335,-1
690,1,STEP,10136075368504,10136078333091,2964587,-1
691,1,STEP,10136078399947,10136081344978,2945031,-1
692,1,STEP,10136081408488,10136084161526,2753038,-1
693,1,STEP,10136084224916,10136086938200,2713284,-1
694,1,STEP,10136087005517,10136090599510,3593993,-1
695,1,STEP,10136090677067,10136093745770,3068703,-1
696,1,STEP,10136093811244,10136096508538,2697294,-1
697,1,STEP,10136096573380,10136099056330,2482950,-1
698,1,STEP,10136099115842,10136101550221,2434379,-1
699,1,STEP,10136101610003,10136104494751,2884748,-1
700,1,STEP,10136104563721,10136107192555,2628834,-1
701,1,STEP,10136107259872,10136110312125,3052253,-1
702,1,STEP,10136110380173,10136113257546,2877373,-1
703,1,STEP,10136113321817,10136116044519,2722702,-1
704,1,STEP,10136116108640,10136118889261,2780621,-1
705,1,STEP,10136118952740,10136121520059,2567319,-1
706,1,STEP,10136121595281,10136124215930,2620649,-1
707,1,STEP,10136124281354,10136126687839,2406485,-1
708,1,STEP,10136126754415,10136129439516,2685101,-1
709,1,STEP,10136129513756,10136131922206,2408450,-1
710,1,STEP,10136131984643,10136134757029,2772386,-1
711,1,STEP,10136134820338,10136137530165,2709827,-1
712,1,STEP,10136137602341,10136140021521,2419180,-1
713,1,STEP,10136140086113,10136142814545,2728432,-1
714,1,STEP,10136142876632,10136145551884,2675252,-1
715,1,STEP,10136145616626,10136148177423,2560797,-1
716,1,STEP,10136148240161,10136150825794,2585633,-1
717,1,STEP,10136150887210,10136153951305,3064095,-1
718,1,STEP,10136154015937,10136157353488,3337551,-1
719,1,STEP,10136157422669,10136160268382,2845713,-1
720,1,STEP,10136160331732,10136163100651,2768919,-1
721,1,STEP,10136163163198,10136165553213,2390015,-1
722,1,STEP,10136165613577,10136168235118,2621541,-1
723,1,STEP,10136168301904,10136170361045,2059141,-1
724,1,STEP,10136170432529,10136172759134,2326605,-1
725,1,STEP,10136172835669,10136175618594,2782925,-1
726,1,STEP,10136175683356,10136177880206,2196850,-1
727,1,STEP,10136177953164,10136180686676,2733512,-1
728,1,STEP,10136180750606,10136183392215,2641609,-1
729,1,STEP,10136183454944,10136186178296,2723352,-1
730,1,STEP,10136186241245,10136188548454,2307209,-1
731,1,STEP,10136188612665,10136190924613,2311948,-1
732,1,STEP,10136190988022,10136193358821,2370799,-1
733,1,STEP,10136193421459,10136195930047,2508588,-1
734,1,STEP,10136195992495,10136198515219,2522724,-1
735,1,STEP,10136198581534,10136201407120,2825586,-1
736,1,STEP,10136201472623,10136204501222,3028599,-1
737,1,STEP,10136204573738,10136207661007,3087269,-1
738,1,STEP,10136207724607,10136210447920,2723313,-1
739,1,STEP,10136210510438,10136213393862,2883424,-1
740,1,STEP,10136213456981,10136216248753,2791772,-1
741,1,STEP,10136216312263,10136219274647,2962384,-1
742,1,STEP,10136219337986,10136222046621,2708635,-1
743,1,STEP,10136222109540,10136224639729,2530189,-1
744,1,STEP,10136224701034,10136227617351,2916317,-1
745,1,STEP,10136227683255,10136230625491,2942236,-1
746,1,STEP,10136230689141,10136233497093,2807952,-1
747,1,STEP,10136233559881,10136236146516,2586635,-1
748,1,STEP,10136236209104,10136238909324,2700220,-1
749,1,STEP,10136238973434,10136241875454,2902020,-1
750,1,STEP,10136241938743,10136244102843,2164100,-1
751,1,STEP,10136244171041,10136246590822,2419781,-1
752,1,STEP,10136246655053,10136249378597,2723544,-1
753,1,STEP,10136249439962,10136251795231,2355269,-1
754,1,STEP,10136251856697,10136254431220,2574523,-1
755,1,STEP,10136254494900,10136257551601,3056701,-1
756,1,STEP,10136257614209,10136260173382,2559173,-1
757,1,STEP,10136260236862,10136263235654,2998792,-1
758,1,STEP,10136263300867,10136265857185,2556318,-1
759,1,STEP,10136265923951,10136269427694,3503743,-1
760,1,STEP,10136269491364,10136272579375,3088011,-1
761,1,STEP,10136272644107,10136275496413,2852306,-1
762,1,STEP,10136275559152,10136278354921,2795769,-1
763,1,STEP,10136278427137,10136281045582,2618445,-1
764,1,STEP,10136281108451,10136283642457,2534006,-1
765,1,STEP,10136283704574,10136286357875,2653301,-1
766,1,STEP,10136286421585,10136288954308,2532723,-1
767,1,STEP,10136289017818,10136291784763,2766945,-1
768,1,STEP,10136291848333,10136294544725,2696392,-1
769,1,STEP,10136294610399,10136297421657,2811258,-1
770,1,STEP,10136297485377,10136300253766,2768389,-1
771,1,STEP,10136300317616,10136302646265,2328649,-1
772,1,STEP,10136302707521,10136305749264,3041743,-1
773,1,STEP,10136305833893,10136308860488,3026595,-1
774,1,STEP,10136308926392,10136311118303,2191911,-1
775,1,STEP,10136311190569,10136313555376,2364807,-1
776,1,STEP,10136313626070,10136316027726,2401656,-1
777,1,STEP,10136316088340,10136318865084,2776744,-1
778,1,STEP,10136318927762,10136321205164,2277402,-1
779,1,STEP,10136321264667,10136323837586,2572919,-1
780,1,STEP,10136323898391,10136326941626,3043235,-1
781,1,STEP,10136327002010,10136329858454,2856444,-1
782,1,STEP,10136329919008,10136332485957,2566949,-1
783,1,STEP,10136332544858,10136335433242,2888384,-1
784,1,STEP,10136335498655,10136338380387,2881732,-1
785,1,STEP,10136338443045,10136340890227,2447182,-1
786,1,STEP,10136340950390,10136343640250,2689860,-1
787,1,STEP,10136343701516,10136346945740,3244224,-1
788,1,STEP,10136347021363,10136349405877,2384514,-1
789,1,STEP,10136349474777,10136352062093,2587316,-1
790,1,STEP,10136352124281,10136355013376,2889095,-1
791,1,STEP,10136355075543,10136357880730,2805187,-1
792,1,STEP,10136357944260,10136360568757,2624497,-1
793,1,STEP,10136360629972,10136363429579,2799607,-1
794,1,STEP,10136363493640,10136366500868,3007228,-1
795,1,STEP,10136366562193,10136369125024,2562831,-1
796,1,STEP,10136369186139,10136372020691,2834552,-1
797,1,STEP,10136372083810,10136374980019,2896209,-1
798,1,STEP,10136375041866,10136377590118,2548252,-1
799,1,STEP,10136377652236,10136380400385,2748149,-1
800,1,STEP,10136380461871,10136382824264,2362393,-1
801,1,STEP,10136382883966,10136385353851,2469885,-1
802,1,STEP,10136385413764,10136388091512,2677748,-1
803,1,STEP,10136388155422,10136390927587,2772165,-1
804,1,STEP,10136390988682,10136393429553,2440871,-1
805,1,STEP,10136393488945,10136396390273,2901328,-1
806,1,STEP,10136396452971,10136399008548,2555577,-1
807,1,STEP,10136399070044,10136401531293,2461249,-1
808,1,STEP,10136401592278,10136404452028,2859750,-1
809,1,STEP,10136404520687,10136407764932,3244245,-1
810,1,STEP,10136407829093,10136410581290,2752197,-1
811,1,STEP,10136410645681,10136413434698,2789017,-1
812,1,STEP,10136413497116,10136416342459,2845343,-1
813,1,STEP,10136416404175,10136418870895,2466720,-1
814,1,STEP,10136418932020,10136422047642,3115622,-1
815,1,STEP,10136422110931,10136424484786,2373855,-1
816,1,STEP,10136424545099,10136427695627,3150528,-1
817,1,STEP,10136427758656,10136430642151,2883495,-1
818,1,STEP,10136430711201,10136433716575,3005374,-1
819,1,STEP,10136433777841,10136436591935,2814094,-1
820,1,STEP,10136436656346,10136439405197,2748851,-1
821,1,STEP,10136439468707,10136442086451,2617744,-1
822,1,STEP,10136442150361,10136445107836,2957475,-1
823,1,STEP,10136445172919,10136447422479,2249560,-1
824,1,STEP,10136447487020,10136450249397,2762377,-1
825,1,STEP,10136450310131,10136453056297,2746166,-1
826,1,STEP,10136453117152,10136455667518,2550366,-1
827,1,STEP,10136455728053,10136458660219,2932166,-1
828,1,STEP,10136458723699,10136461338407,2614708,-1
829,1,STEP,10136461399181,10136463934941,2535760,-1
830,1,STEP,10136463995385,10136466861667,2866282,-1
831,1,STEP,10136466923173,10136470014389,3091216,-1
832,1,STEP,10136470078159,10136473041304,2963145,-1
833,1,STEP,10136473100155,10136475445856,2345701,-1
834,1,STEP,10136475505859,10136478135366,2629507,-1
835,1,STEP,10136478202543,10136480745996,2543453,-1
836,1,STEP,10136480805839,10136482882283,2076444,-1
837,1,STEP,10136482947706,10136485695856,2748150,-1
838,1,STEP,10136485760588,10136488300304,2539716,-1
839,1,STEP,10136488371268,10136491012236,2640968,-1
840,1,STEP,10136491075585,10136493076847,2001262,-1
841,1,STEP,10136493137812,10136495807233,2669421,-1
842,1,STEP,10136495877075,10136498945518,3068443,-1
843,1,STEP,10136499014588,10136501339130,2324542,-1
844,1,STEP,10136501405695,10136504289240,2883545,-1
845,1,STEP,10136504363330,10136506667603,2304273,-1
846,1,STEP,10136506734369,10136509334901,2600532,-1
847,1,STEP,10136509405924,10136512591288,3185364,-1
848,1,STEP,10136512667492,10136514984399,2316907,-1
849,1,STEP,10136515050683,10136517544013,2493330,-1
850,1,STEP,10136517610789,10136520279919,2669130,-1
851,1,STEP,10136520354810,10136522464457,2109647,-1
852,1,STEP,10136522528688,10136525385302,2856614,-1
853,1,STEP,10136525451817,10136527997575,2545758,-1
854,1,STEP,10136528066004,10136530661186,2595182,-1
855,1,STEP,10136530726980,10136533433922,2706942,-1
856,1,STEP,10136533501039,10136536299153,2798114,-1
857,1,STEP,10136536367662,10136539108698,2741036,-1
858,1,STEP,10136539182357,10136541399486,2217129,-1
859,1,STEP,10136541461442,10136543601506,2140064,-1
860,1,STEP,10136543669975,10136546423425,2753450,-1
861,1,STEP,10136546488547,10136548740091,2251544,-1
862,1,STEP,10136548806676,10136551093627,2286951,-1
863,1,STEP,10136551161755,10136553297350,2135595,-1
864,1,STEP,10136553381489,10136556460542,3079053,-1
865,1,STEP,10136556530233,10136559205185,2674952,-1
866,1,STEP,10136559271090,10136561987540,2716450,-1
867,1,STEP,10136562063824,10136564330586,2266762,-1
868,1,STEP,10136564401009,10136567144329,2743320,-1
869,1,STEP,10136567213400,10136569693264,2479864,-1
870,1,STEP,10136569766542,10136572207302,2440760,-1
871,1,STEP,10136572275160,10136574825306,2550146,-1
872,1,STEP,10136574901760,10136577655450,2753690,-1
873,1,STEP,10136577716556,10136580160101,2443545,-1
874,1,STEP,10136580220415,10136583041923,2821508,-1
875,1,STEP,10136583103829,10136586208511,3104682,-1
876,1,STEP,10136586270878,10136588779336,2508458,-1
877,1,STEP,10136588839900,10136591357977,2518077,-1
878,1,STEP,10136591422168,10136594027118,2604950,-1
879,1,STEP,10136594089896,10136596566865,2476969,-1
880,1,STEP,10136596629112,10136599248870,2619758,-1
881,1,STEP,10136599311498,10136602257520,2946022,-1
882,1,STEP,10136602321040,10136604838815,2517775,-1
883,1,STEP,10136604904068,10136607392669,2488601,-1
884,1,STEP,10136607456589,10136610495046,3038457,-1
885,1,STEP,10136610558446,10136613066002,2507556,-1
886,1,STEP,10136613126957,10136615488758,2361801,-1
887,1,STEP,10136615551727,10136617966358,2414631,-1
888,1,STEP,10136618031400,10136620313993,2282593,-1
889,1,STEP,10136620376621,10136622947787,2571166,-1
890,1,STEP,10136623010425,10136625569619,2559194,-1
891,1,STEP,10136625631255,10136628194737,2563482,-1
892,1,STEP,10136628257375,10136630804576,2547201,-1
893,1,STEP,10136630866843,10136633662743,2795900,-1
894,1,STEP,10136633728416,10136636377880,2649464,-1
895,1,STEP,10136636440278,10136638774567,2334289,-1
896,1,STEP,10136638857383,10136641180742,2323359,-1
897,1,STEP,10136641253850,10136643684050,2430200,-1
898,1,STEP,10136643750355,10136646064998,2314643,-1
899,1,STEP,10136646136693,10136648571693,2435000,-1
900,1,STEP,10136648641214,10136651392750,2751536,-1
901,1,STEP,10136651466339,10136654771639,3305300,-1
902,1,STEP,10136654862770,10136658285592,3422822,-1
903,1,STEP,10136658352939,10136660749936,2396997,-1
904,1,STEP,10136660825519,10136663206396,2380877,-1
905,1,STEP,10136663273643,10136666221729,2948086,-1
906,1,STEP,10136666285930,10136668599220,2313290,-1
907,1,STEP,10136668663351,10136671425708,2762357,-1
908,1,STEP,10136671490580,10136674099207,2608627,-1
909,1,STEP,10136674167425,10136677148925,2981500,-1
910,1,STEP,10136677218476,10136680480785,3262309,-1
911,1,STEP,10136680542802,10136683451043,2908241,-1
912,1,STEP,10136683511517,10136685954021,2442504,-1
913,1,STEP,10136686026878,10136688408607,2381729,-1
914,1,STEP,10136688478599,10136691046810,2568211,-1
915,1,STEP,10136691113806,10136693507578,2393772,-1
916,1,STEP,10136693577740,10136696403917,2826177,-1
917,1,STEP,10136696469450,10136699239281,2769831,-1
918,1,STEP,10136699308291,10136701614477,2306186,-1
919,1,STEP,10136701694368,10136704915920,3221552,-1
920,1,STEP,10136704996772,10136708263349,3266577,-1
921,1,STEP,10136708360753,10136711603876,3243123,-1
922,1,STEP,10136711671994,10136714445802,2773808,-1
923,1,STEP,10136714507138,10136717052986,2545848,-1
924,1,STEP,10136717116947,10136719626507,2509560,-1
925,1,STEP,10136719685898,10136722323289,2637391,-1
926,1,STEP,10136722396648,10136725897185,3500537,-1
927,1,STEP,10136725960855,10136728263816,2302961,-1
928,1,STEP,10136728325913,10136730799485,2473572,-1
929,1,STEP,10136730859839,10136733314876,2455037,-1
930,1,STEP,10136733372655,10136736175408,2802753,-1
931,1,STEP,10136736238417,10136739037773,2799356,-1
932,1,STEP,10136739099249,10136741424582,2325333,-1
933,1,STEP,10136741489885,10136744307615,2817730,-1
934,1,STEP,10136744366867,10136746889652,2522785,-1
935,1,STEP,10136746951158,10136749244100,2292942,-1
936,1,STEP,10136749305074,10136752009642,2704568,-1
937,1,STEP,10136752068633,10136754634149,2565516,-1
938,1,STEP,10136754694502,10136757164989,2470487,-1
939,1,STEP,10136757224911,10136759394050,2169139,-1
940,1,STEP,10136759459593,10136761923698,2464105,-1
941,1,STEP,10136761997196,10136764507428,2510232,-1
942,1,STEP,10136764565698,10136767148716,2583018,-1
943,1,STEP,10136767210002,10136769698222,2488220,-1
944,1,STEP,10136769758555,10136772365649,2607094,-1
945,1,STEP,10136772433357,10136774876802,2443445,-1
946,1,STEP,10136774937917,10136777585537,2647620,-1
947,1,STEP,10136777646993,10136780466217,2819224,-1
948,1,STEP,10136780526871,10136783101123,2574252,-1
949,1,STEP,10136783161066,10136785887745,2726679,-1
950,1,STEP,10136785948920,10136788533231,2584311,-1
951,1,STEP,10136788595979,10136790921653,2325674,-1
952,1,STEP,10136791005251,10136793738603,2733352,-1
953,1,STEP,10136793798917,10136796526047,2727130,-1
954,1,STEP,10136796587202,10136799018775,2431573,-1
955,1,STEP,10136799090821,10136801880759,2789938,-1
956,1,STEP,10136801944108,10136804960003,3015895,-1
957,1,STEP,10136805027740,10136807421953,2394213,-1
958,1,STEP,10136807489069,10136810324303,2835234,-1
959,1,STEP,10136810387893,10136812989767,2601874,-1
960,1,STEP,10136813051623,10136815493055,2441432,-1
961,1,STEP,10136815555903,10136819015374,3459471,-1
962,1,STEP,10136819079715,10136821380141,2300426,-1
963,1,STEP,10136821445754,10136823951397,2505643,-1
964,1,STEP,10136824013364,10136826725687,2712323,-1
965,1,STEP,10136826788565,10136829425635,2637070,-1
966,1,STEP,10136829487111,10136831820559,2333448,-1
967,1,STEP,10136831882977,10136834698373,2815396,-1
968,1,STEP,10136834761322,10136837080293,2318971,-1
969,1,STEP,10136837141498,10136839697996,2556498,-1
970,1,STEP,10136839759021,10136842160798,2401777,-1
971,1,STEP,10136842220881,10136845079940,2859059,-1
972,1,STEP,10136845140504,10136847356982,2216478,-1
973,1,STEP,10136847425771,10136850265303,2839532,-1
974,1,STEP,10136850324455,10136852914707,2590252,-1
975,1,STEP,10136852973328,10136855674980,2701652,-1
976,1,STEP,10136855735644,10136858383495,2647851,-1
977,1,STEP,10136858444019,10136860950794,2506775,-1
978,1,STEP,10136861012660,10136863675259,2662599,-1
979,1,STEP,10136863735622,10136866345281,2609659,-1
980,1,STEP,10136866405284,10136869592000,3186716,-1
981,1,STEP,10136869653867,10136872311656,2657789,-1
982,1,STEP,10136872384754,10136874943116,2558362,-1
983,1,STEP,10136875007267,10136878338486,3331219,-1
984,1,STEP,10136878406544,10136881229375,2822831,-1
985,1,STEP,10136881292263,10136883679353,2387090,-1
986,1,STEP,10136883756829,10136886318627,2561798,-1
987,1,STEP,10136886379963,10136888821304,2441341,-1
988,1,STEP,10136888881267,10136892050680,3169413,-1
989,1,STEP,10136892111435,10136895063689,2952254,-1
990,1,STEP,10136895125466,10136897858367,2732901,-1
991,1,STEP,10136897918420,10136900475109,2556689,-1
992,1,STEP,10136900534220,10136903365717,2831497,-1
993,1,STEP,10136903430298,10136906076436,2646138,-1
994,1,STEP,10136906138322,10136908843171,2704849,-1
995,1,STEP,10136908904988,10136911433754,2528766,-1
996,1,STEP,10136911495821,10136914339400,2843579,-1
997,1,STEP,10136914402249,10136916675323,2273074,-1
998,1,STEP,10136916736438,10136919439332,2702894,-1
999,1,STEP,10136919502852,10136922447562,2944710,-1
