Generation,fitness,metabolic_error,amount_of_dna,nb_coding_rnas,nb_non_coding_rnas,nb_functional_genes,nb_non_functional_genes,nb_mut,nb_switch
1,1.14268e-66,0.151837,250,1,1,1,0,0,0
2,1.14268e-66,0.151837,250,1,1,1,0,0,0
3,1.14268e-66,0.151837,250,1,1,1,0,0.000976562,0.000976562
4,1.14268e-66,0.151837,250,1,1,1,0,0.000976562,0.000976562
5,1.14268e-66,0.151837,250,1,1,1,0,0,0
6,1.14215e-66,0.151838,250,1,1,0.999023,0.000976562,0.000976562,0.000976562
7,1.14215e-66,0.151838,250,1,1,0.999023,0.000976562,0,0
8,1.14268e-66,0.151837,250,1,1,1,0,0,0
9,1.14268e-66,0.151837,250,1,1,1,0,0.000976562,0.000976562
10,1.14268e-66,0.151837,250,1,1,1,0,0,0
11,1.1416e-66,0.151841,250,1,1,1,0,0.000976562,0.000976562
12,1.14268e-66,0.151837,250,1,1,1,0,0,0
13,1.14268e-66,0.151837,250,1,1,1,0,0,0
14,1.14268e-66,0.151837,250,1,1,1,0,0,0
15,1.14268e-66,0.151837,250,1,1,1,0,0,0
16,1.14268e-66,0.151837,250,1,1,1,0,0,0
17,1.14268e-66,0.151837,250,1,1,1,0,0,0
18,1.14268e-66,0.151837,250,1,1,1,0,0,0
19,1.14268e-66,0.151837,250,1,1,1,0,0,0
20,1.14268e-66,0.151837,250,1,1,1,0,0,0
21,1.14268e-66,0.151837,250,1,1,1,0,0,0
22,1.14268e-66,0.151837,250,1,1,1,0,0,0
23,1.14215e-66,0.151838,250,0.999023,1.00098,0.999023,0,0.000976562,0.000976562
24,1.14268e-66,0.151837,250,1,1,1,0,0,0
25,1.14268e-66,0.151837,250,1,1,1,0,0,0
26,1.14268e-66,0.151837,250,1,1,1,0,0.000976562,0.000976562
27,1.14268e-66,0.151837,250,1,1,1,0,0,0
28,1.14268e-66,0.151837,250,1,1,1,0,0,0
29,1.14268e-66,0.151837,250,1,1,1,0,0,0
30,1.14215e-66,0.151838,250,0.999023,1.00098,0.999023,0,0.00195312,0.00195312
31,1.14268e-66,0.151837,250,1,1,1,0,0,0
32,1.14268e-66,0.151837,250,1,1,1,0,0,0
33,1.14268e-66,0.151837,250,1,1,1,0,0,0
34,1.14215e-66,0.151838,250,0.999023,1.00098,0.999023,0,0.000976562,0.000976562
35,1.14268e-66,0.151837,250,1,1,1,0,0,0
36,1.14268e-66,0.151837,250,1,1,1,0,0,0
37,1.14162e-66,0.151839,250,0.999023,1.00098,0.998047,0.000976562,0.00195312,0.00195312
38,1.14215e-66,0.151838,250,1,1.00098,0.999023,0.000976562,0,0
39,1.14268e-66,0.151837,250,1,1,1,0,0,0
40,1.14268e-66,0.151837,250,1,1,1,0,0,0
41,1.14268e-66,0.151837,250,1,1,1,0,0,0
42,1.14268e-66,0.151837,250,1,1,1,0,0,0
43,1.14268e-66,0.151837,250,1,1,1,0,0.000976562,0.000976562
44,1.14268e-66,0.151837,250,1,1,1,0,0,0
45,1.14268e-66,0.151837,250,1,1,1,0,0,0
46,1.14268e-66,0.151837,250,1,1,1,0,0,0
47,1.14268e-66,0.151837,250,1,1,1,0,0.000976562,0.000976562
48,1.14268e-66,0.151837,250,1,1,1,0,0,0
49,1.14268e-66,0.151837,250,1,1,1,0,0,0
50,1.14268e-66,0.151837,250,1,1,1,0,0.000976562,0.000976562
51,1.14268e-66,0.151837,250,1,1,1,0,0.000976562,0.000976562
52,1.14268e-66,0.151837,250,1,1,1,0,0,0
53,1.14268e-66,0.151837,250,1,1,1,0,0,0
54,1.14268e-66,0.151837,250,1,1,1,0,0,0
55,1.14268e-66,0.151837,250,1,1,1,0,0,0
56,1.14268e-66,0.151837,250,1,1,1,0,0,0
57,1.14268e-66,0.151837,250,1,1,1,0,0,0
58,1.14268e-66,0.151837,250,1,1,1,0,0,0
59,1.14268e-66,0.151837,250,1,1,1,0,0,0
60,1.14215e-66,0.151838,250,0.999023,1,0.999023,0,0.000976562,0.000976562
61,1.14215e-66,0.151838,250,0.999023,1,0.999023,0,0,0
62,1.14268e-66,0.151837,250,1,1,1,0,0,0
63,1.14268e-66,0.151837,250,1,1,1,0,0,0
64,1.14268e-66,0.151837,250,1,1,1,0,0,0
65,1.14268e-66,0.151837,250,1,1,1,0,0,0
66,1.14268e-66,0.151837,250,1,1,1,0,0,0
67,1.14268e-66,0.151837,250,1,1,1,0,0,0
68,1.14268e-66,0.151837,250,1,1,1,0,0,0
69,1.14268e-66,0.151837,250,1,1,1,0,0,0
70,1.14268e-66,0.151837,250,1,1,1,0,0,0
71,1.14268e-66,0.151837,250,1,1,1,0,0,0
72,1.14268e-66,0.151837,250,1,1,1,0,0,0
73,1.14268e-66,0.151837,250,1,1,1,0,0,0
74,1.14268e-66,0.151837,250,1,0.999023,1,0,0.000976562,0.000976562
75,1.14268e-66,0.151837,250,1,0.998047,1,0,0,0
76,1.14268e-66,0.151837,250,1,0.999023,1,0,0,0
77,1.14268e-66,0.151837,250,1,1,1,0,0,0
78,1.14268e-66,0.151837,250,1,1,1,0,0,0
79,1.14268e-66,0.151837,250,1,1,1,0,0,0
80,1.14268e-66,0.151837,250,1,1,1,0,0,0
81,1.14268e-66,0.151837,250,1,1,1,0,0,0
82,1.14268e-66,0.151837,250,1,1,1,0,0,0
83,1.14268e-66,0.151837,250,1,1,1,0,0.000976562,0.000976562
84,1.14268e-66,0.151837,250,1,1,1,0,0,0
85,1.14268e-66,0.151837,250,1,1,1,0,0,0
86,1.14268e-66,0.151837,250,1,1,1,0,0,0
87,1.14268e-66,0.151837,250,1,1,1,0,0.000976562,0.000976562
88,1.14268e-66,0.151837,250,1,1,1,0,0,0
89,1.14268e-66,0.151837,250,1,1,1,0,0,0
90,1.14268e-66,0.151837,250,1,1,1,0,0,0
91,1.14268e-66,0.151837,250,1,1,1,0,0,0
92,1.14268e-66,0.151837,250,1,1,1,0,0,0
93,1.14215e-66,0.151838,250,0.999023,1.00098,0.999023,0,0.000976562,0.000976562
94,1.14162e-66,0.151839,250,0.998047,1.00195,0.998047,0,0.000976562,0.000976562
95,1.14162e-66,0.151839,250,0.998047,1.00195,0.998047,0,0,0
96,1.14268e-66,0.151837,250,1,1,1,0,0,0
97,1.14268e-66,0.151837,250,1,1,1,0,0,0
98,1.14268e-66,0.151837,250,1,1,1,0,0,0
99,1.14268e-66,0.151837,250,1,1,1,0,0,0
100,1.14268e-66,0.151837,250,1,1,1,0,0.000976562,0.000976562
101,1.14268e-66,0.151837,250,1,1,1,0,0,0
102,1.14268e-66,0.151837,250,1,1,1,0,0,0
103,1.14268e-66,0.151837,250,1,1,1,0,0,0
104,1.14268e-66,0.151837,250,1,1,1,0,0,0
105,1.14268e-66,0.151837,250,1,1,1,0,0,0
106,1.14162e-66,0.151839,250,0.998047,1.00098,0.998047,0,0.00195312,0.00195312
107,1.14162e-66,0.151839,250,0.998047,1.00098,0.998047,0,0,0
108,1.14215e-66,0.151838,250,0.999023,1,0.999023,0,0.000976562,0.000976562
109,1.14268e-66,0.151837,250,1,1,1,0,0,0
110,1.14268e-66,0.151837,250,1,1,1,0,0,0
111,1.14268e-66,0.151837,250,1,1,1,0,0.000976562,0.000976562
112,1.14268e-66,0.151837,250,1,1,1,0,0,0
113,1.14268e-66,0.151837,250,1,1,1,0,0,0
114,1.14268e-66,0.151837,250,1,1,1,0,0,0
115,1.14268e-66,0.151837,250,1,1,1,0,0.000976562,0.000976562
116,1.14268e-66,0.151837,250,1,1,1,0,0,0
117,1.14268e-66,0.151837,250,1,1,1,0,0,0
118,1.14215e-66,0.151838,250,0.999023,1,0.999023,0,0.000976562,0.000976562
119,1.14268e-66,0.151837,250,1,1,1,0,0,0
120,1.14215e-66,0.151838,250,1,0.999023,0.999023,0.000976562,0.00195312,0.00195312
121,1.14268e-66,0.151837,250,1,1,1,0,0,0
122,1.14268e-66,0.151837,250,1,1,1,0,0.000976562,0.000976562
123,1.14268e-66,0.151837,250,1,1,1,0,0,0
124,1.14268e-66,0.151837,250,1,1,1,0,0,0
125,1.14268e-66,0.151837,250,1,1,1,0,0,0
126,1.14268e-66,0.151837,250,1,1,1,0,0,0
127,1.14268e-66,0.151837,250,1,1,1,0,0,0
128,1.14268e-66,0.151837,250,1,1,1,0,0.000976562,0.000976562
129,1.14268e-66,0.151837,250,1,1,1,0,0,0
130,1.14268e-66,0.151837,250,1,1,1,0,0,0
131,1.14268e-66,0.151837,250,1,1,1,0,0,0
132,1.14268e-66,0.151837,250,1,1,1,0,0,0
133,1.14268e-66,0.151837,250,1,1,1,0,0,0
134,1.14268e-66,0.151837,250,1,1,1,0,0,0
135,1.14268e-66,0.151837,250,1,1,1,0,0,0
136,1.14268e-66,0.151837,250,1,1,1,0,0,0
137,1.14268e-66,0.151837,250,1,1,1,0,0.000976562,0.000976562
138,1.14268e-66,0.151837,250,1,1,1,0,0,0
139,1.14268e-66,0.151837,250,1,1,1,0,0,0
140,1.14268e-66,0.151837,250,1,1,1,0,0,0
141,1.14268e-66,0.151837,250,1,1,1,0,0,0
142,1.14268e-66,0.151837,250,1,1,1,0,0,0
143,1.14268e-66,0.151837,250,1,1,1,0,0,0
144,1.14268e-66,0.151837,250,1,1,1,0,0,0
145,1.14268e-66,0.151837,250,1,1,1,0,0,0
146,1.14268e-66,0.151837,250,1,1,1,0,0.000976562,0.000976562
147,1.14268e-66,0.151837,250,1,1,1,0,0.000976562,0.000976562
148,1.14268e-66,0.151837,250,1,1,1,0,0,0
149,1.14268e-66,0.151837,250,1,1,1,0,0,0
150,1.14268e-66,0.151837,250,1,1,1,0,0,0
151,1.14268e-66,0.151837,250,1,1,1,0,0,0
152,1.14268e-66,0.151837,250,1,1,1,0,0,0
153,1.14268e-66,0.151837,250,1,1,1,0,0,0
154,1.14268e-66,0.151837,250,1,1,1,0,0,0
155,1.14268e-66,0.151837,250,1,1,1,0,0,0
156,1.14268e-66,0.151837,250,1,1,1,0,0,0
157,1.14268e-66,0.151837,250,1,1,1,0,0,0
158,1.14268e-66,0.151837,250,1,1,1,0,0,0
159,1.14268e-66,0.151837,250,1,1,1,0,0,0
160,1.14268e-66,0.151837,250,1,1,1,0,0,0
161,1.14268e-66,0.151837,250,1,1,1,0,0,0
162,1.14268e-66,0.151837,250,1,1,1,0,0,0
163,1.14268e-66,0.151837,250,1,1,1,0,0,0
164,1.14268e-66,0.151837,250,1,1,1,0,0,0
165,1.14268e-66,0.151837,250,1,1,1,0,0,0
166,1.14268e-66,0.151837,250,1,1,1,0,0,0
167,1.14268e-66,0.151837,250,1,1,1,0,0,0
168,1.14268e-66,0.151837,250,1,1,1,0,0,0
169,1.14268e-66,0.151837,250,1,1,1,0,0.000976562,0.000976562
170,1.14268e-66,0.151837,250,1,1,1,0,0,0
171,1.14268e-66,0.151837,250,1,1,1,0,0.000976562,0.000976562
172,1.14268e-66,0.151837,250,1,1,1,0,0,0
173,1.14268e-66,0.151837,250,1,1,1,0,0,0
174,1.14268e-66,0.151837,250,1,1,1,0,0,0
175,1.14268e-66,0.151837,250,1,1,1,0,0.000976562,0.000976562
176,1.14268e-66,0.151837,250,1,1,1,0,0,0
177,1.14268e-66,0.151837,250,1,1,1,0,0,0
178,1.14268e-66,0.151837,250,1,1,1,0,0,0
179,1.14268e-66,0.151837,250,1,1,1,0,0,0
180,1.14268e-66,0.151837,250,1,1,1,0,0,0
181,1.14268e-66,0.151837,250,1,1,1,0,0,0
182,1.14268e-66,0.151837,250,1,1,1,0,0,0
183,1.14215e-66,0.151838,250,1,0.999023,0.999023,0.000976562,0.000976562,0.000976562
184,1.14268e-66,0.151837,250,1,1,1,0,0,0
185,1.14268e-66,0.151837,250,1,1,1,0,0,0
186,1.14268e-66,0.151837,250,1,1,1,0,0,0
187,1.14268e-66,0.151837,250,1,1,1,0,0,0
188,1.14268e-66,0.151837,250,1,1,1,0,0,0
189,1.14268e-66,0.151837,250,1,1,1,0,0.000976562,0.000976562
190,1.14268e-66,0.151837,250,1,1,1,0,0,0
191,1.14268e-66,0.151837,250,1,1,1,0,0,0
192,1.14268e-66,0.151837,250,1,1,1,0,0,0
193,1.14268e-66,0.151837,250,1,1,1,0,0.000976562,0.000976562
194,1.14268e-66,0.151837,250,1,1,1,0,0,0
195,1.14268e-66,0.151837,250,1,1,1,0,0.000976562,0.000976562
196,1.14268e-66,0.151837,250,1,1,1,0,0,0
197,1.14268e-66,0.151837,250,1,1,1,0,0,0
198,1.14268e-66,0.151837,250,1,1,1,0,0,0
199,1.14268e-66,0.151837,250,1,1,1,0,0,0
200,1.14268e-66,0.151837,250,1,1,1,0,0,0
201,1.14268e-66,0.151837,250,1,1,1,0,0,0
202,1.14268e-66,0.151837,250,1,1,1,0,0,0
203,1.14268e-66,0.151837,250,1,1,1,0,0,0
204,1.14268e-66,0.151837,250,1,1,1,0,0,0
205,1.14268e-66,0.151837,250,1,1,1,0,0.000976562,0.000976562
206,1.14268e-66,0.151837,250,1,1,1,0,0,0
207,1.14268e-66,0.151837,250,1,1,1,0,0,0
208,1.14268e-66,0.151837,250,1,1,1,0,0.000976562,0.000976562
209,1.14268e-66,0.151837,250,1,1,1,0,0,0
210,1.14268e-66,0.151837,250,1,1,1,0,0,0
211,1.14268e-66,0.151837,250,1,1,1,0,0,0
212,1.14268e-66,0.151837,250,1,1,1,0,0,0
213,1.14268e-66,0.151837,250,1,1,1,0,0,0
214,1.14268e-66,0.151837,250,1,1,1,0,0,0
215,1.14268e-66,0.151837,250,1,1,1,0,0,0
216,1.14268e-66,0.151837,250,1,1,1,0,0,0
217,1.14268e-66,0.151837,250,1,1,1,0,0,0
218,1.14268e-66,0.151837,250,1,1,1,0,0,0
219,1.14268e-66,0.151837,250,1,1,1,0,0,0
220,1.14268e-66,0.151837,250,1,1,1,0,0,0
221,1.14268e-66,0.151837,250,1,1,1,0,0,0
222,1.14268e-66,0.151837,250,1,1,1,0,0,0
223,1.14268e-66,0.151837,250,1,1,1,0,0,0
224,1.14268e-66,0.151837,250,1,1,1,0,0,0
225,1.14268e-66,0.151837,250,1,1,1,0,0,0
226,1.14268e-66,0.151837,250,1,1,1,0,0,0
227,1.14268e-66,0.151837,250,1,1,1,0,0,0
228,1.14268e-66,0.151837,250,1,1,1,0,0,0
229,1.14268e-66,0.151837,250,1,1,1,0,0,0
230,1.14268e-66,0.151837,250,1,1,1,0,0,0
231,1.14268e-66,0.151837,250,1,1,1,0,0,0
232,1.14215e-66,0.151838,250,0.999023,1,0.999023,0,0.000976562,0.000976562
233,1.14215e-66,0.151838,250,0.999023,1,0.999023,0,0,0
234,1.14215e-66,0.151838,250,0.999023,1,0.999023,0,0,0
235,1.14268e-66,0.151837,250,1,1,1,0,0,0
236,1.14268e-66,0.151837,250,1,1,1,0,0,0
237,1.14268e-66,0.151837,250,1,1,1,0,0,0
238,1.14268e-66,0.151837,250,1,1,1,0,0,0
239,1.14268e-66,0.151837,250,1,1,1,0,0,0
240,1.14268e-66,0.151837,250,1,1,1,0,0,0
241,1.14268e-66,0.151837,250,1,1,1,0,0.000976562,0.000976562
242,1.14268e-66,0.151837,250,1,1,1,0,0,0
243,1.14268e-66,0.151837,250,1,1,1,0,0,0
244,1.14268e-66,0.151837,250,1,1,1,0,0,0
245,1.14268e-66,0.151837,250,1,1,1,0,0,0
246,1.14268e-66,0.151837,250,1,1,1,0,0,0
247,1.14268e-66,0.151837,250,1,1,1,0,0,0
248,1.14268e-66,0.151837,250,1,1,1,0,0,0
249,1.14268e-66,0.151837,250,1,1,1,0,0,0
250,1.14268e-66,0.151837,250,1,1,1,0,0.000976562,0.000976562
251,1.14268e-66,0.151837,250,1,1,1,0,0,0
252,1.14268e-66,0.151837,250,1,1,1,0,0,0
253,1.14268e-66,0.151837,250,1,1,1,0,0,0
254,1.14268e-66,0.151837,250,1,1,1,0,0,0
255,1.14268e-66,0.151837,250,1,1,1,0,0.000976562,0.000976562
256,1.14268e-66,0.151837,250,1,1,1,0,0,0
257,1.14268e-66,0.151837,250,1,1,1,0,0,0
258,1.14215e-66,0.151838,250,1,1.00098,0.999023,0.000976562,0.000976562,0.000976562
259,1.14215e-66,0.151838,250,0.999023,1,0.999023,0,0.000976562,0.000976562
260,1.14162e-66,0.151839,250,0.998047,1,0.998047,0,0,0
261,1.14268e-66,0.151837,250,1,1,1,0,0,0
262,1.14268e-66,0.151837,250,1,1,1,0,0,0
263,1.14268e-66,0.151837,250,1,1,1,0,0,0
264,1.14268e-66,0.151837,250,1,1,1,0,0,0
265,1.14268e-66,0.151837,250,1,1,1,0,0,0
266,1.14268e-66,0.151837,250,1,1,1,0,0,0
267,1.14268e-66,0.151837,250,1,1,1,0,0,0
268,1.14268e-66,0.151837,250,1,1,1,0,0,0
269,1.14268e-66,0.151837,250,1,1,1,0,0,0
270,1.14268e-66,0.151837,250,1,1,1,0,0,0
271,1.14268e-66,0.151837,250,1,1,1,0,0.000976562,0.000976562
272,1.14268e-66,0.151837,250,1,1,1,0,0,0
273,1.14268e-66,0.151837,250,1,1.00098,1,0,0.000976562,0.000976562
274,1.14268e-66,0.151837,250,1,1,1,0,0,0
275,1.14268e-66,0.151837,250,1,1,1,0,0.000976562,0.000976562
276,1.14268e-66,0.151837,250,1,1,1,0,0,0
277,1.14268e-66,0.151837,250,1,1,1,0,0.000976562,0.000976562
278,1.14268e-66,0.151837,250,1,1,1,0,0,0
279,1.14268e-66,0.151837,250,1,1,1,0,0,0
280,1.14268e-66,0.151837,250,1,1,1,0,0,0
281,1.14268e-66,0.151837,250,1,1,1,0,0.000976562,0.000976562
282,1.14268e-66,0.151837,250,1,1,1,0,0,0
283,1.14268e-66,0.151837,250,1,1,1,0,0,0
284,1.14268e-66,0.151837,250,1,1,1,0,0,0
285,1.14268e-66,0.151837,250,1,1,1,0,0,0
286,1.14268e-66,0.151837,250,1,1,1,0,0.000976562,0.000976562
287,1.14268e-66,0.151837,250,1,1,1,0,0,0
288,1.14268e-66,0.151837,250,1,1,1,0,0,0
289,1.14268e-66,0.151837,250,1,1,1,0,0,0
290,1.14268e-66,0.151837,250,1,1,1,0,0,0
291,1.14268e-66,0.151837,250,1,1,1,0,0,0
292,1.14268e-66,0.151837,250,1,1,1,0,0,0
293,1.14268e-66,0.151837,250,1,1,1,0,0,0
294,1.14268e-66,0.151837,250,1,1,1,0,0,0
295,1.14215e-66,0.151838,250,0.999023,1.00098,0.999023,0,0.000976562,0.000976562
296,1.14268e-66,0.151837,250,1,1,1,0,0,0
297,1.14268e-66,0.151837,250,1,1,1,0,0,0
298,1.14268e-66,0.151837,250,1,1,1,0,0,0
299,1.14268e-66,0.151837,250,1,1,1,0,0,0
300,1.14268e-66,0.151837,250,1,1,1,0,0,0
301,1.14268e-66,0.151837,250,1,1,1,0,0,0
302,1.14268e-66,0.151837,250,1,1,1,0,0,0
303,1.14268e-66,0.151837,250,1,1,1,0,0,0
304,1.14268e-66,0.151837,250,1,1,1,0,0,0
305,1.14268e-66,0.151837,250,1,1,1,0,0,0
306,1.14268e-66,0.151837,250,1,1,1,0,0.000976562,0.000976562
307,1.14268e-66,0.151837,250,1,1,1,0,0,0
308,1.14215e-66,0.151838,250,1,1.00098,0.999023,0.000976562,0.000976562,0.000976562
309,1.14268e-66,0.151837,250,1,1,1,0,0,0
310,1.14268e-66,0.151837,250,1,1,1,0,0,0
311,1.14268e-66,0.151837,250,1,1,1,0,0,0
312,1.14268e-66,0.151837,250,1,1,1,0,0,0
313,1.14268e-66,0.151837,250,1,1,1,0,0,0
314,1.14268e-66,0.151837,250,1,1,1,0,0,0
315,1.14268e-66,0.151837,250,1,1,1,0,0,0
316,1.14268e-66,0.151837,250,1,1,1,0,0.000976562,0.000976562
317,1.14268e-66,0.151837,250,1,1,1,0,0,0
318,1.14268e-66,0.151837,250,1,1,1,0,0,0
319,1.14268e-66,0.151837,250,1,1,1,0,0,0
320,1.14268e-66,0.151837,250,1,1,1,0,0,0
321,1.14268e-66,0.151837,250,1,1,1,0,0,0
322,1.14268e-66,0.151837,250,1,1,1,0,0,0
323,1.14268e-66,0.151837,250,1,1,1,0,0,0
324,1.14268e-66,0.151837,250,1,1,1,0,0,0
325,1.14268e-66,0.151837,250,1,1,1,0,0,0
326,1.14268e-66,0.151837,250,1,1,1,0,0,0
327,1.14268e-66,0.151837,250,1,1,1,0,0,0
328,1.14268e-66,0.151837,250,1,1,1,0,0,0
329,1.14268e-66,0.151837,250,1,1,1,0,0,0
330,1.14268e-66,0.151837,250,1,1,1,0,0,0
331,1.14268e-66,0.151837,250,1,1,1,0,0,0
332,1.14268e-66,0.151837,250,1,1,1,0,0,0
333,1.14268e-66,0.151837,250,1,1,1,0,0.000976562,0.000976562
334,1.14268e-66,0.151837,250,1,1,1,0,0,0
335,1.14215e-66,0.151838,250,0.999023,1,0.999023,0,0.000976562,0.000976562
336,1.14268e-66,0.151837,250,1,1,1,0,0,0
337,1.14268e-66,0.151837,250,1,1,1,0,0.000976562,0.000976562
338,1.14268e-66,0.151837,250,1,1,1,0,0,0
339,1.14268e-66,0.151837,250,1,1,1,0,0,0
340,1.14268e-66,0.151837,250,1,1,1,0,0,0
341,1.14268e-66,0.151837,250,1,1,1,0,0.00195312,0.00195312
342,1.14268e-66,0.151837,250,1,1,1,0,0,0
343,1.14268e-66,0.151837,250,1,1,1,0,0.000976562,0.000976562
344,1.14268e-66,0.151837,250,1,1,1,0,0,0
345,1.14268e-66,0.151837,250,1,1,1,0,0,0
346,1.14268e-66,0.151837,250,1,1,1,0,0.000976562,0.000976562
347,1.14268e-66,0.151837,250,1,1,1,0,0,0
348,1.14268e-66,0.151837,250,1,1,1,0,0.000976562,0.000976562
349,1.14268e-66,0.151837,250,1,1,1,0,0,0
350,1.14268e-66,0.151837,250,1,1,1,0,0,0
351,1.14268e-66,0.151837,250,1,1,1,0,0,0
352,1.14215e-66,0.151838,250,0.999023,1,0.999023,0,0.000976562,0.000976562
353,1.14268e-66,0.151837,250,1,1,1,0,0,0
354,1.14268e-66,0.151837,250,1,1,1,0,0.000976562,0.000976562
355,1.14268e-66,0.151837,250,1,1,1,0,0,0
356,1.14268e-66,0.151837,250,1,1,1,0,0,0
357,1.14268e-66,0.151837,250,1,1,1,0,0.000976562,0.000976562
358,1.14268e-66,0.151837,250,1,1,1,0,0,0
359,1.14156e-66,0.151846,250,1,1,1,0,0.000976562,0.000976562
360,1.14268e-66,0.151837,250,1,1,1,0,0,0
361,1.14268e-66,0.151837,250,1,1,1,0,0,0
362,1.14268e-66,0.151837,250,1,1,1,0,0,0
363,1.14268e-66,0.151837,250,1,1,1,0,0,0
364,1.14268e-66,0.151837,250,1,1,1,0,0.000976562,0.000976562
365,1.14268e-66,0.151837,250,1,1,1,0,0,0
366,1.14268e-66,0.151837,250,1,1,1,0,0,0
367,1.14268e-66,0.151837,250,1,1,1,0,0.000976562,0.000976562
368,1.14268e-66,0.151837,250,1,1,1,0,0,0
369,1.14268e-66,0.151837,250,1,1,1,0,0,0
370,1.14268e-66,0.151837,250,1,1,1,0,0,0
371,1.14268e-66,0.151837,250,1,1,1,0,0.000976562,0.000976562
372,1.14268e-66,0.151837,250,1,1,1,0,0,0
373,1.14268e-66,0.151837,250,1,1,1,0,0,0
374,1.14268e-66,0.151837,250,1,1,1,0,0.000976562,0.000976562
375,1.14268e-66,0.151837,250,1,1,1,0,0,0
376,1.14268e-66,0.151837,250,1,1,1,0,0,0
377,1.14268e-66,0.151837,250,1,1,1,0,0,0
378,1.14268e-66,0.151837,250,1,1,1,0,0,0
379,1.14268e-66,0.151837,250,1,1,1,0,0,0
380,1.14268e-66,0.151837,250,1,1,1,0,0,0
381,1.14268e-66,0.151837,250,1,1,1,0,0,0
382,1.14268e-66,0.151837,250,1,1,1,0,0,0
383,1.14268e-66,0.151837,250,1,1,1,0,0,0
384,1.14268e-66,0.151837,250,1,1,1,0,0,0
385,1.14268e-66,0.151837,250,1,1,1,0,0.000976562,0.000976562
386,1.14268e-66,0.151837,250,1,1,1,0,0,0
387,1.14268e-66,0.151837,250,1,1,1,0,0,0
388,1.14268e-66,0.151837,250,1,1,1,0,0,0
389,1.14268e-66,0.151837,250,1,1,1,0,0.000976562,0.000976562
390,1.14268e-66,0.151837,250,1,1,1,0,0,0
391,2.83694e-61,0.151818,250,1,0.999023,1,0,0.000976562,0.000976562
392,2.55324e-60,0.151667,250,1,0.991211,1,0,0.000976562,0.000976562
393,7.09233e-60,0.151365,250,1,0.975586,1,0,0,0
394,1.3901e-59,0.150911,250,1,0.952148,1,0,0,0
395,2.29791e-59,0.150306,250,1,0.920898,1,0,0,0
396,3.43269e-59,0.14955,250,1,0.881836,1,0,0,0
397,4.79441e-59,0.148643,250,1,0.834961,1,0,0.000976562,0.000976562
398,6.38309e-59,0.147585,250,1,0.780273,1,0,0.00195312,0.00195312
399,8.19873e-59,0.146375,250,1,0.717773,1,0,0,0
400,1.02413e-58,0.145014,250,1,0.647461,1,0,0,0
401,1.25109e-58,0.143502,250,1,0.569336,1,0,0.000976562,0.000976562
402,1.50074e-58,0.141839,250,1,0.483398,1,0,0,0
403,1.77308e-58,0.140025,250,1,0.389648,1,0,0.00195312,0.00195312
404,2.06812e-58,0.138059,250,1,0.288086,1,0,0,0
405,2.38586e-58,0.135942,250,1,0.178711,1,0,0.000976562,0.000976562
406,2.72629e-58,0.133674,250,1,0.0615234,1,0,0,0
407,2.90502e-58,0.132483,250,1,0,1,0,0,0
408,2.90502e-58,0.132483,250,1,0,1,0,0,0
409,2.90502e-58,0.132483,250,1,0,1,0,0,0
410,2.90502e-58,0.132483,250,1,0,1,0,0,0
411,2.90502e-58,0.132483,250,1,0,1,0,0,0
412,2.90502e-58,0.132483,250,1,0,1,0,0,0
413,2.90502e-58,0.132483,250,1,0,1,0,0,0
414,2.90502e-58,0.132483,250,1,0.000976562,1,0,0.000976562,0.000976562
415,2.90502e-58,0.132483,250,1,0.000976562,1,0,0,0
416,2.90502e-58,0.132483,250,1,0.00292969,1,0,0.000976562,0.000976562
417,2.90502e-58,0.132483,250,1,0.00195312,1,0,0,0
418,2.90502e-58,0.132483,250,1,0.00390625,1,0,0,0
419,2.90502e-58,0.132483,250,1,0.00390625,1,0,0,0
420,2.90502e-58,0.132483,250,1,0.00390625,1,0,0,0
421,2.90218e-58,0.132503,250,0.999023,0.00292969,0.999023,0,0.00390625,0.00390625
422,2.90502e-58,0.132483,250,1,0.000976562,1,0,0,0
423,2.90502e-58,0.132483,250,1,0.00195312,1,0,0.000976562,0.000976562
424,2.90502e-58,0.132483,250,1,0.000976562,1,0,0.000976562,0.000976562
425,2.90502e-58,0.132483,250,1,0.000976562,1,0,0,0
426,2.90502e-58,0.132483,250,1,0,1,0,0.000976562,0.000976562
427,2.90502e-58,0.132483,250,1,0,1,0,0,0
428,2.90502e-58,0.132483,250,1,0,1,0,0,0
429,2.90502e-58,0.132483,250,1,0,1,0,0,0
430,2.90502e-58,0.132483,250,1,0,1,0,0.000976562,0.000976562
431,2.90218e-58,0.132503,250,0.999023,0.000976562,0.999023,0,0.000976562,0.000976562
432,2.90502e-58,0.132483,250,1,0,1,0,0,0
433,2.90502e-58,0.132483,250,1,0,1,0,0,0
434,2.90502e-58,0.132483,250,1,0,1,0,0,0
435,2.90502e-58,0.132483,250,1,0,1,0,0,0
436,2.90502e-58,0.132483,250,1,0,1,0,0,0
437,2.90502e-58,0.132483,250,1,0,1,0,0.000976562,0.000976562
438,2.90502e-58,0.132483,250,1,0,1,0,0,0
439,2.90502e-58,0.132483,250,1,0,1,0,0.000976562,0.000976562
440,2.90502e-58,0.132483,250,1,0,1,0,0,0
441,2.90502e-58,0.132483,250,1,0,1,0,0,0
442,2.90502e-58,0.132483,250,1,0,1,0,0,0
443,2.90502e-58,0.132483,250,1,0,1,0,0,0
444,2.90502e-58,0.132483,250,1,0,1,0,0,0
445,2.90502e-58,0.132483,250,1,0,1,0,0,0
446,2.90502e-58,0.132483,250,1,0,1,0,0,0
447,2.90502e-58,0.132483,250,1,0,1,0,0,0
448,2.90502e-58,0.132483,250,1,0,1,0,0,0
449,2.90502e-58,0.132483,250,1,0,1,0,0,0
450,2.90502e-58,0.132483,250,1,0,1,0,0.000976562,0.000976562
451,2.90502e-58,0.132483,250,1,0,1,0,0,0
452,2.90502e-58,0.132483,250,1,0,1,0,0,0
453,2.90502e-58,0.132483,250,1,0,1,0,0,0
454,2.90502e-58,0.132483,250,1,0,1,0,0,0
455,2.90502e-58,0.132483,250,1,0,1,0,0,0
456,2.90502e-58,0.132483,250,1,0,1,0,0,0
457,2.90502e-58,0.132483,250,1,0,1,0,0,0
458,2.90502e-58,0.132483,250,1,0,1,0,0.000976562,0.000976562
459,2.90502e-58,0.132483,250,1,0,1,0,0,0
460,2.90502e-58,0.132483,250,1,0,1,0,0.000976562,0.000976562
461,2.90502e-58,0.132483,250,1,0,1,0,0.000976562,0.000976562
462,2.90502e-58,0.132483,250,1,0,1,0,0,0
463,2.90218e-58,0.132503,250,0.999023,0.000976562,0.999023,0,0.000976562,0.000976562
464,2.90502e-58,0.132483,250,1,0,1,0,0,0
465,2.90502e-58,0.132483,250,1,0,1,0,0,0
466,2.90502e-58,0.132483,250,1,0,1,0,0,0
467,2.90502e-58,0.132483,250,1,0,1,0,0,0
468,2.90502e-58,0.132483,250,1,0,1,0,0,0
469,2.90502e-58,0.132483,250,1,0,1,0,0.000976562,0.000976562
470,2.90502e-58,0.132483,250,1,0,1,0,0,0
471,2.90502e-58,0.132483,250,1,0,1,0,0,0
472,2.90502e-58,0.132483,250,1,0,1,0,0,0
473,2.90502e-58,0.132483,250,1,0,1,0,0,0
474,2.90502e-58,0.132483,250,1,0,1,0,0.00195312,0.00195312
475,2.90502e-58,0.132483,250,1,0,1,0,0,0
476,2.90218e-58,0.132503,250,0.999023,0.000976562,0.999023,0,0.000976562,0.000976562
477,2.90502e-58,0.132483,250,1,0,1,0,0,0
478,2.90502e-58,0.132483,250,1,0,1,0,0,0
479,2.90502e-58,0.132483,250,1,0,1,0,0.00195312,0.00195312
480,2.90502e-58,0.132483,250,1,0,1,0,0,0
481,2.90502e-58,0.132483,250,1,0,1,0,0.000976562,0.000976562
482,2.90502e-58,0.132483,250,1,0,1,0,0,0
483,2.90502e-58,0.132483,250,1,0,1,0,0.000976562,0.000976562
484,2.90502e-58,0.132483,250,1,0,1,0,0,0
485,2.90502e-58,0.132483,250,1,0,1,0,0,0
486,2.90502e-58,0.132483,250,1,0,1,0,0,0
487,2.90502e-58,0.132483,250,1,0,1,0,0,0
488,2.90502e-58,0.132483,250,1,0,1,0,0,0
489,2.90502e-58,0.132483,250,1,0,1,0,0,0
490,2.90218e-58,0.132503,250,1,0,0.999023,0.000976562,0.00195312,0.00195312
491,2.90502e-58,0.132483,250,1,0,1,0,0.000976562,0.000976562
492,2.90502e-58,0.132483,250,1,0,1,0,0,0
493,2.90502e-58,0.132483,250,1,0,1,0,0.000976562,0.000976562
494,2.90502e-58,0.132483,250,1,0,1,0,0,0
495,2.90502e-58,0.132483,250,1,0,1,0,0,0
496,2.90502e-58,0.132483,250,1,0,1,0,0,0
497,2.90502e-58,0.132483,250,1,0,1,0,0,0
498,2.90502e-58,0.132483,250,1,0,1,0,0,0
499,2.90502e-58,0.132483,250,1,0,1,0,0,0
500,2.90502e-58,0.132483,250,1,0,1,0,0,0
501,2.90502e-58,0.132483,250,1,0,1,0,0.000976562,0.000976562
502,2.90502e-58,0.132483,250,1,0,1,0,0,0
503,2.90218e-58,0.132503,250,1,0,0.999023,0.000976562,0.000976562,0.000976562
504,2.90502e-58,0.132483,250,1,0,1,0,0,0
505,2.90502e-58,0.132483,250,1,0,1,0,0,0
506,2.90502e-58,0.132483,250,1,0,1,0,0,0
507,2.90502e-58,0.132483,250,1,0,1,0,0,0
508,2.90502e-58,0.132483,250,1,0,1,0,0,0
509,2.90502e-58,0.132483,250,1,0,1,0,0,0
510,2.90502e-58,0.132483,250,1,0,1,0,0.000976562,0.000976562
511,2.90502e-58,0.132483,250,1,0,1,0,0,0
512,2.90502e-58,0.132483,250,1,0,1,0,0,0
513,2.90502e-58,0.132483,250,1,0,1,0,0,0
514,2.90502e-58,0.132483,250,1,0,1,0,0,0
515,2.90502e-58,0.132483,250,1,0,1,0,0,0
516,2.90502e-58,0.132483,250,1,0,1,0,0,0
517,2.90502e-58,0.132483,250,1,0,1,0,0,0
518,2.90502e-58,0.132483,250,1,0,1,0,0,0
519,2.90502e-58,0.132483,250,1,0,1,0,0.000976562,0.000976562
520,2.90502e-58,0.132483,250,1,0,1,0,0,0
521,2.90502e-58,0.132483,250,1,0,1,0,0,0
522,2.90502e-58,0.132483,250,1,0,1,0,0,0
523,2.90502e-58,0.132483,250,1,0,1,0,0,0
524,2.90502e-58,0.132483,250,1,0,1,0,0,0
525,2.90502e-58,0.132483,250,1,0,1,0,0,0
526,2.90502e-58,0.132483,250,1,0,1,0,0,0
527,2.90502e-58,0.132483,250,1,0,1,0,0,0
528,2.90502e-58,0.132483,250,1,0,1,0,0,0
529,2.90502e-58,0.132483,250,1,0,1,0,0,0
530,2.90502e-58,0.132483,250,1,0,1,0,0.000976562,0.000976562
531,2.90502e-58,0.132483,250,1,0,1,0,0,0
532,2.90502e-58,0.132483,250,1,0,1,0,0,0
533,2.90502e-58,0.132483,250,1,0,1,0,0,0
534,2.90502e-58,0.132483,250,1,0,1,0,0,0
535,2.90502e-58,0.132483,250,1,0,1,0,0,0
536,2.90502e-58,0.132483,250,1,0,1,0,0,0
537,2.90502e-58,0.132483,250,1,0,1,0,0.000976562,0.000976562
538,2.90502e-58,0.132483,250,1,0,1,0,0,0
539,2.90502e-58,0.132483,250,1,0,1,0,0,0
540,2.90502e-58,0.132483,250,1,0,1,0,0.000976562,0.000976562
541,2.90218e-58,0.132496,250,1,0,1,0,0.000976562,0.000976562
542,2.90502e-58,0.132483,250,1,0,1,0,0,0
543,2.90502e-58,0.132483,250,1,0,1,0,0,0
544,2.90502e-58,0.132483,250,1,0,1,0,0,0
545,2.90502e-58,0.132483,250,1,0,1,0,0,0
546,2.90502e-58,0.132483,250,1,0,1,0,0,0
547,2.90502e-58,0.132483,250,1,0,1,0,0,0
548,2.90502e-58,0.132483,250,1,0,1,0,0,0
549,2.90502e-58,0.132483,250,1,0,1,0,0,0
550,2.89934e-58,0.132523,250,1,0,0.998047,0.00195312,0.00195312,0.00195312
551,2.90502e-58,0.132483,250,1,0,1,0,0,0
552,2.90502e-58,0.132483,250,1,0,1,0,0,0
553,2.90502e-58,0.132483,250,1,0,1,0,0,0
554,2.90502e-58,0.132483,250,1,0,1,0,0,0
555,2.90218e-58,0.132503,250,0.999023,0,0.999023,0,0.000976562,0.000976562
556,2.90502e-58,0.132483,250,1,0,1,0,0,0
557,2.90502e-58,0.132483,250,1,0,1,0,0.000976562,0.000976562
558,2.90502e-58,0.132483,250,1,0,1,0,0,0
559,2.90502e-58,0.132483,250,1,0,1,0,0,0
560,1.4472e-54,0.132468,250,1,0,1,0,0.000976562,0.000976562
561,1.30225e-53,0.132348,250,1,0,1,0,0,0
562,3.61731e-53,0.132106,250,1,0,1,0,0,0
563,7.08991e-53,0.131744,250,1,0,1,0,0,0
564,1.172e-52,0.131262,250,1,0,1,0,0,0
565,1.75077e-52,0.130658,250,1,0,1,0,0.000976562,0.000976562
566,2.44529e-52,0.129934,250,1,0,1,0,0.000976562,0.000976562
567,3.25556e-52,0.12909,250,1,0,1,0,0,0
568,4.18159e-52,0.128125,250,1,0,1,0,0,0
569,5.22336e-52,0.127039,250,1,0,1,0,0,0
570,6.38089e-52,0.125832,250,1,0,1,0,0.000976562,0.000976562
571,7.65418e-52,0.124505,250,1,0,1,0,0.000976562,0.000976562
572,9.04322e-52,0.123057,250,1,0,1,0,0,0
573,1.0548e-51,0.121488,250,1,0,1,0,0,0
574,1.21686e-51,0.119799,250,1,0,1,0,0,0
575,1.39048e-51,0.117989,250,1,0,1,0,0,0
576,1.48164e-51,0.117039,250,1,0,1,0,0.000976562,0.000976562
577,1.48164e-51,0.117039,250,1,0,1,0,0,0
578,1.48164e-51,0.117039,250,1,0,1,0,0.000976562,0.000976562
579,1.48164e-51,0.117039,250,1,0,1,0,0,0
580,1.48164e-51,0.117039,250,1,0,1,0,0,0
581,1.48164e-51,0.117039,250,1,0,1,0,0,0
582,1.48164e-51,0.117039,250,1,0,1,0,0.000976562,0.000976562
583,1.48164e-51,0.117039,250,1,0,1,0,0,0
584,1.48164e-51,0.117039,250,1,0,1,0,0.000976562,0.000976562
585,1.48164e-51,0.117039,250,1,0,1,0,0,0
586,1.48164e-51,0.117039,250,1,0,1,0,0,0
587,1.48164e-51,0.117039,250,1,0,1,0,0,0
588,1.48164e-51,0.117039,250,1,0,1,0,0,0
589,1.48164e-51,0.117039,250,1,0,1,0,0,0
590,1.48164e-51,0.117039,250,1,0,1,0,0,0
591,1.48164e-51,0.117039,250,1,0,1,0,0,0
592,1.48164e-51,0.117039,250,1,0,1,0,0,0
593,1.48164e-51,0.117039,250,1,0,1,0,0,0
594,1.48164e-51,0.117039,250,1,0,1,0,0.000976562,0.000976562
595,1.48164e-51,0.117039,250,1,0,1,0,0.000976562,0.000976562
596,1.48164e-51,0.117039,250,1,0,1,0,0,0
597,1.48164e-51,0.117039,250,1,0,1,0,0,0
598,1.48164e-51,0.117039,250,1,0,1,0,0,0
599,1.48164e-51,0.117039,250,1,0,1,0,0,0
600,1.48164e-51,0.117039,250,1,0,1,0,0,0
601,1.48164e-51,0.117039,250,1,0,1,0,0,0
602,1.48164e-51,0.117039,250,1,0,1,0,0,0
603,1.48164e-51,0.117039,250,1,0,1,0,0.00195312,0.00195312
604,1.48164e-51,0.117039,250,1,0,1,0,0,0
605,1.48164e-51,0.117039,250,1,0,1,0,0,0
606,1.48164e-51,0.117039,250,1,0,1,0,0,0
607,1.48164e-51,0.117039,250,1,0,1,0,0,0
608,1.48164e-51,0.117039,250,1,0,1,0,0,0
609,1.48164e-51,0.117039,250,1,0,1,0,0,0
610,1.48164e-51,0.117039,250,1,0,1,0,0,0
611,1.48019e-51,0.117054,250,1,0,1,0,0.000976562,0.000976562
612,1.48164e-51,0.117039,250,1,0,1,0,0,0
613,1.48019e-51,0.117073,250,0.999023,0.000976562,0.999023,0,0.000976562,0.000976562
614,1.48164e-51,0.117039,250,1,0,1,0,0,0
615,1.48164e-51,0.117039,250,1,0,1,0,0,0
616,1.48164e-51,0.117039,250,1,0,1,0,0,0
617,1.48164e-51,0.117039,250,1,0,1,0,0,0
618,1.48164e-51,0.117039,250,1,0,1,0,0,0
619,1.48164e-51,0.117039,250,1,0,1,0,0,0
620,1.48164e-51,0.117039,250,1,0,1,0,0,0
621,1.48164e-51,0.117039,250,1,0,1,0,0,0
622,1.48164e-51,0.117039,250,1,0,1,0,0,0
623,1.48164e-51,0.117039,250,1,0.000976562,1,0,0.000976562,0.000976562
624,1.48164e-51,0.117039,250,1,0.000976562,1,0,0,0
625,1.48164e-51,0.117039,250,1,0.000976562,1,0,0.000976562,0.000976562
626,1.48019e-51,0.117054,250,1,0.000976562,1,0,0.000976562,0.000976562
627,1.48164e-51,0.117039,250,1,0.000976562,1,0,0,0
628,1.48164e-51,0.117039,250,1,0,1,0,0,0
629,1.48164e-51,0.117039,250,1,0,1,0,0.000976562,0.000976562
630,1.48164e-51,0.117039,250,1,0,1,0,0.000976562,0.000976562
631,1.48164e-51,0.117039,250,1,0,1,0,0,0
632,1.48164e-51,0.117039,250,1,0,1,0,0.000976562,0.000976562
633,1.48164e-51,0.117039,250,1,0,1,0,0,0
634,1.48164e-51,0.117039,250,1,0,1,0,0,0
635,1.48164e-51,0.117039,250,1,0,1,0,0,0
636,1.48164e-51,0.117039,250,1,0,1,0,0,0
637,1.48019e-51,0.117073,250,0.999023,0.000976562,0.999023,0,0.000976562,0.000976562
638,1.48164e-51,0.117039,250,1,0,1,0,0,0
639,1.48019e-51,0.117073,250,0.999023,0.000976562,0.999023,0,0.000976562,0.000976562
640,1.48164e-51,0.117039,250,1,0,1,0,0,0
641,1.48164e-51,0.117039,250,1,0,1,0,0,0
642,1.48164e-51,0.117039,250,1,0,1,0,0.000976562,0.000976562
643,1.48164e-51,0.117039,250,1,0,1,0,0.000976562,0.000976562
644,1.48164e-51,0.117039,250,1,0,1,0,0,0
645,1.48164e-51,0.117039,250,1,0.000976562,1,0,0.000976562,0.000976562
646,1.48164e-51,0.117039,250,1,0.000976562,1,0,0,0
647,1.48164e-51,0.117039,250,1,0.00195312,1,0,0,0
648,1.48164e-51,0.117039,250,1,0.00195312,1,0,0,0
649,1.48164e-51,0.117039,250,1,0.000976562,1,0,0,0
650,1.48164e-51,0.117039,250,1,0.000976562,1,0,0,0
651,1.48164e-51,0.117039,250,1,0.000976562,1,0,0,0
652,1.48019e-51,0.117054,250,1,0,1,0,0.000976562,0.000976562
653,1.48164e-51,0.117039,250,1,0,1,0,0,0
654,1.48164e-51,0.117039,250,1,0,1,0,0,0
655,1.48164e-51,0.117039,250,1,0,1,0,0,0
656,1.48164e-51,0.117039,250,1,0,1,0,0.000976562,0.000976562
657,1.48164e-51,0.117039,250,1,0,1,0,0.00195312,0.00195312
658,1.48164e-51,0.117039,250,1,0,1,0,0,0
659,1.48164e-51,0.117039,250,1,0,1,0,0,0
660,1.48164e-51,0.117039,250,1,0,1,0,0,0
661,1.48164e-51,0.117039,250,1,0,1,0,0.000976562,0.000976562
662,1.48164e-51,0.117039,250,1,0,1,0,0.000976562,0.000976562
663,1.48164e-51,0.117039,250,1,0,1,0,0.000976562,0.000976562
664,1.48164e-51,0.117039,250,1,0,1,0,0,0
665,1.48164e-51,0.117039,250,1,0,1,0,0,0
666,1.48164e-51,0.117039,250,1,0,1,0,0,0
667,1.48164e-51,0.117039,250,1,0,1,0,0.000976562,0.000976562
668,1.48164e-51,0.117039,250,1,0,1,0,0,0
669,1.48164e-51,0.117039,250,1,0,1,0,0,0
670,1.48164e-51,0.117039,250,1,0,1,0,0,0
671,1.48019e-51,0.117054,250,1,0,1,0,0.000976562,0.000976562
672,1.48164e-51,0.117039,250,1,0,1,0,0.000976562,0.000976562
673,1.48164e-51,0.117039,250,1,0,1,0,0,0
674,1.48164e-51,0.117039,250,1,0,1,0,0,0
675,1.48164e-51,0.117039,250,1,0,1,0,0,0
676,1.48164e-51,0.117039,250,1,0,1,0,0,0
677,1.48164e-51,0.117039,250,1,0,1,0,0,0
678,1.48164e-51,0.117039,250,1,0.000976562,1,0,0.00195312,0.00195312
679,1.48164e-51,0.117039,250,1,0.000976562,1,0,0,0
680,1.48164e-51,0.117039,250,1,0.00195312,1,0,0,0
681,1.48164e-51,0.117039,250,1,0.00195312,1,0,0,0
682,1.48164e-51,0.117039,250,1,0.00292969,1,0,0.000976562,0.000976562
683,1.48164e-51,0.117039,250,1,0.00195312,1,0,0,0
684,1.48164e-51,0.117039,250,1,0.000976562,1,0,0,0
685,1.48164e-51,0.117039,250,1,0.000976562,1,0,0,0
686,1.48164e-51,0.117039,250,1,0.00195312,1,0,0,0
687,1.48164e-51,0.117039,250,1,0.00195312,1,0,0,0
688,1.48164e-51,0.117039,250,1,0,1,0,0,0
689,1.48164e-51,0.117039,250,1,0,1,0,0,0
690,1.48164e-51,0.117039,250,1,0,1,0,0,0
691,1.48164e-51,0.117039,250,1,0,1,0,0,0
692,1.48164e-51,0.117039,250,1,0,1,0,0.000976562,0.000976562
693,1.48164e-51,0.117039,250,1,0,1,0,0.000976562,0.000976562
694,1.48164e-51,0.117039,250,1,0,1,0,0,0
695,1.48164e-51,0.117039,250,1,0,1,0,0.000976562,0.000976562
696,1.48164e-51,0.117039,250,1,0,1,0,0.000976562,0.000976562
697,1.48019e-51,0.117054,250,1,0,1,0,0.000976562,0.000976562
698,1.48164e-51,0.117039,250,1,0,1,0,0,0
699,1.48164e-51,0.117039,250,1,0,1,0,0,0
700,1.48164e-51,0.117039,250,1,0,1,0,0,0
701,1.48164e-51,0.117039,250,1,0,1,0,0,0
702,1.48164e-51,0.117039,250,1,0,1,0,0,0
703,1.48164e-51,0.117039,250,1,0,1,0,0,0
704,1.48164e-51,0.117039,250,1,0,1,0,0,0
705,1.48164e-51,0.117039,250,1,0,1,0,0.000976562,0.000976562
706,1.48164e-51,0.117039,250,1,0,1,0,0,0
707,1.48019e-51,0.117073,250,0.999023,0.00195312,0.999023,0,0.000976562,0.000976562
708,1.48164e-51,0.117039,250,1,0,1,0,0.000976562,0.000976562
709,1.48164e-51,0.117039,250,1,0,1,0,0,0
710,1.48164e-51,0.117039,250,1,0,1,0,0,0
711,1.48164e-51,0.117039,250,1,0,1,0,0,0
712,1.48164e-51,0.117039,250,1,0,1,0,0,0
713,1.48164e-51,0.117039,250,1,0,1,0,0.000976562,0.000976562
714,1.48164e-51,0.117039,250,1,0,1,0,0,0
715,1.48164e-51,0.117039,250,1,0,1,0,0,0
716,1.48164e-51,0.117039,250,1,0,1,0,0,0
717,1.48164e-51,0.117039,250,1,0,1,0,0.000976562,0.000976562
718,1.48164e-51,0.117039,250,1,0,1,0,0,0
719,1.48164e-51,0.117039,250,1,0,1,0,0,0
720,1.48164e-51,0.117039,250,1,0,1,0,0,0
721,1.48164e-51,0.117039,250,1,0,1,0,0.000976562,0.000976562
722,1.48164e-51,0.117039,250,1,0,1,0,0,0
723,1.48164e-51,0.117039,250,1,0,1,0,0,0
724,1.48164e-51,0.117039,250,1,0,1,0,0,0
725,1.48164e-51,0.117039,250,1,0,1,0,0,0
726,1.48019e-51,0.117073,250,0.999023,0.000976562,0.999023,0,0.000976562,0.000976562
727,1.48164e-51,0.117039,250,1,0,1,0,0,0
728,1.48164e-51,0.117039,250,1,0,1,0,0,0
729,1.48164e-51,0.117039,250,1,0,1,0,0,0
730,1.48019e-51,0.117073,250,0.999023,0.000976562,0.999023,0,0.000976562,0.000976562
731,1.48019e-51,0.117054,250,1,0,1,0,0.000976562,0.000976562
732,1.48164e-51,0.117039,250,1,0,1,0,0,0
733,1.48164e-51,0.117039,250,1,0,1,0,0,0
734,1.48019e-51,0.117073,250,0.999023,0.00195312,0.999023,0,0.000976562,0.000976562
735,1.48164e-51,0.117039,250,1,0,1,0,0,0
736,1.48164e-51,0.117039,250,1,0,1,0,0,0
737,1.48164e-51,0.117039,250,1,0,1,0,0,0
738,1.48164e-51,0.117039,250,1,0,1,0,0,0
739,1.48164e-51,0.117039,250,1,0,1,0,0,0
740,1.48019e-51,0.117073,250,1,0,0.999023,0.000976562,0.000976562,0.000976562
741,1.48164e-51,0.117039,250,1,0,1,0,0,0
742,1.48164e-51,0.117039,250,1,0,1,0,0,0
743,1.48164e-51,0.117039,250,1,0,1,0,0,0
744,1.48164e-51,0.117039,250,1,0,1,0,0,0
745,1.48164e-51,0.117039,250,1,0,1,0,0,0
746,1.48164e-51,0.117039,250,1,0,1,0,0,0
747,1.48164e-51,0.117039,250,1,0,1,0,0,0
748,1.48164e-51,0.117039,250,1,0,1,0,0,0
749,1.48164e-51,0.117039,250,1,0,1,0,0.00292969,0.00292969
750,1.48019e-51,0.117073,250,1,0,0.999023,0.000976562,0.000976562,0.000976562
751,1.48164e-51,0.117039,250,1,0,1,0,0,0
752,1.48164e-51,0.117039,250,1,0,1,0,0,0
753,1.48164e-51,0.117039,250,1,0,1,0,0,0
754,1.48164e-51,0.117039,250,1,0,1,0,0,0
755,1.48019e-51,0.117068,250,1,0,1,0,0.00195312,0.00195312
756,1.48164e-51,0.117039,250,1,0,1,0,0,0
757,1.48164e-51,0.117039,250,1,0,1,0,0.000976562,0.000976562
758,1.48164e-51,0.117039,250,1,0,1,0,0,0
759,1.48164e-51,0.117039,250,1,0,1,0,0.000976562,0.000976562
760,1.48164e-51,0.117039,250,1,0,1,0,0,0
761,1.48164e-51,0.117039,250,1,0,1,0,0.000976562,0.000976562
762,1.48164e-51,0.117039,250,1,0,1,0,0,0
763,1.48164e-51,0.117039,250,1,0,1,0,0,0
764,1.48164e-51,0.117039,250,1,0,1,0,0,0
765,1.48164e-51,0.117039,250,1,0,1,0,0,0
766,1.48164e-51,0.117039,250,1,0,1,0,0,0
767,1.48164e-51,0.117039,250,1,0,1,0,0.000976562,0.000976562
768,1.48164e-51,0.117039,250,1,0,1,0,0.00195312,0.00195312
769,1.48164e-51,0.117039,250,1,0,1,0,0,0
770,1.48164e-51,0.117039,250,1,0,1,0,0,0
771,1.48164e-51,0.117039,250,1,0,1,0,0,0
772,1.48164e-51,0.117039,250,1,0,1,0,0,0
773,1.48019e-51,0.117073,250,0.999023,0.000976562,0.999023,0,0.000976562,0.000976562
774,1.48164e-51,0.117039,250,1,0,1,0,0,0
775,1.48164e-51,0.117039,250,1,0,1,0,0.000976562,0.000976562
776,1.48164e-51,0.117039,250,1,0,1,0,0.000976562,0.000976562
777,1.48164e-51,0.117039,250,1,0,1,0,0,0
778,1.48164e-51,0.117039,250,1,0,1,0,0,0
779,1.48164e-51,0.117039,250,1,0,1,0,0,0
780,1.48164e-51,0.117039,250,1,0,1,0,0,0
781,1.48164e-51,0.117039,250,1,0,1,0,0,0
782,1.48164e-51,0.117039,250,1,0,1,0,0,0
783,1.48164e-51,0.117039,250,1,0,1,0,0,0
784,1.48164e-51,0.117039,250,1,0,1,0,0,0
785,1.48164e-51,0.117039,250,1,0,1,0,0,0
786,1.48164e-51,0.117039,250,1,0,1,0,0,0
787,1.48164e-51,0.117039,250,1,0,1,0,0.000976562,0.000976562
788,1.48164e-51,0.117039,250,1,0,1,0,0.000976562,0.000976562
789,1.48164e-51,0.117039,250,1,0,1,0,0,0
790,1.48164e-51,0.117039,250,1,0,1,0,0,0
791,1.48164e-51,0.117039,250,1,0,1,0,0,0
792,1.48164e-51,0.117039,250,1,0,1,0,0,0
793,1.48164e-51,0.117039,250,1,0,1,0,0,0
794,1.48164e-51,0.117039,250,1,0,1,0,0,0
795,1.48164e-51,0.117039,250,1,0,1,0,0.000976562,0.000976562
796,1.48164e-51,0.117039,250,1,0,1,0,0,0
797,1.48164e-51,0.117039,250,1,0,1,0,0,0
798,1.48164e-51,0.117039,250,1,0,1,0,0,0
799,1.48164e-51,0.117039,250,1,0,1,0,0.000976562,0.000976562
800,1.48164e-51,0.117039,250,1,0,1,0,0,0
801,1.48164e-51,0.117039,250,1,0,1,0,0.000976562,0.000976562
802,1.48164e-51,0.117039,250,1,0,1,0,0,0
803,1.48164e-51,0.117039,250,1,0,1,0,0,0
804,1.48164e-51,0.117039,250,1,0,1,0,0,0
805,1.48164e-51,0.117039,250,1,0,1,0,0,0
806,1.48164e-51,0.117039,250,1,0,1,0,0,0
807,1.48164e-51,0.117039,250,1,0,1,0,0,0
808,1.48164e-51,0.117039,250,1,0,1,0,0,0
809,1.48164e-51,0.117039,250,1,0,1,0,0,0
810,1.48164e-51,0.117039,250,1,0,1,0,0,0
811,1.48164e-51,0.117039,250,1,0,1,0,0,0
812,1.48164e-51,0.117039,250,1,0,1,0,0,0
813,1.48164e-51,0.117039,250,1,0,1,0,0,0
814,1.48164e-51,0.117039,250,1,0,1,0,0,0
815,1.48164e-51,0.117039,250,1,0,1,0,0,0
816,1.48164e-51,0.117039,250,1,0,1,0,0,0
817,1.48164e-51,0.117039,250,1,0,1,0,0,0
818,1.48164e-51,0.117039,250,1,0,1,0,0,0
819,1.48164e-51,0.117039,250,1,0,1,0,0.000976562,0.000976562
820,1.48164e-51,0.117039,250,1,0,1,0,0.000976562,0.000976562
821,1.48164e-51,0.117039,250,1,0,1,0,0,0
822,1.48164e-51,0.117039,250,1,0,1,0,0,0
823,1.48164e-51,0.117039,250,1,0,1,0,0,0
824,1.48164e-51,0.117039,250,1,0,1,0,0,0
825,1.48164e-51,0.117039,250,1,0,1,0,0.000976562,0.000976562
826,1.48164e-51,0.117039,250,1,0,1,0,0,0
827,1.48164e-51,0.117039,250,1,0,1,0,0,0
828,1.48164e-51,0.117039,250,1,0,1,0,0,0
829,1.48164e-51,0.117039,250,1,0,1,0,0,0
830,1.48164e-51,0.117039,250,1,0,1,0,0,0
831,1.48164e-51,0.117039,250,1,0,1,0,0,0
832,1.48164e-51,0.117039,250,1,0,1,0,0,0
833,1.48164e-51,0.117039,250,1,0,1,0,0,0
834,1.48164e-51,0.117039,250,1,0,1,0,0,0
835,1.48164e-51,0.117039,250,1,0,1,0,0,0
836,1.48164e-51,0.117039,250,1,0,1,0,0.000976562,0.000976562
837,1.48164e-51,0.117039,250,1,0.000976562,1,0,0.000976562,0.000976562
838,1.48164e-51,0.117039,250,1,0.000976562,1,0,0,0
839,1.48164e-51,0.117039,250,1,0.00195312,1,0,0,0
840,1.48164e-51,0.117039,250,1,0.00292969,1,0,0,0
841,1.48164e-51,0.117039,250,1,0.000976562,1,0,0,0
842,1.48164e-51,0.117039,250,1,0.000976562,1,0,0,0
843,1.48164e-51,0.117039,250,1,0,1,0,0.000976562,0.000976562
844,1.48164e-51,0.117039,250,1,0,1,0,0,0
845,1.48164e-51,0.117039,250,1,0,1,0,0,0
846,1.48164e-51,0.117039,250,1,0,1,0,0,0
847,1.48164e-51,0.117039,250,1,0,1,0,0,0
848,1.48164e-51,0.117039,250,1,0,1,0,0,0
849,1.48164e-51,0.117039,250,1,0,1,0,0,0
850,1.48164e-51,0.117039,250,1,0,1,0,0,0
851,1.48164e-51,0.117039,250,1,0,1,0,0,0
852,1.48164e-51,0.117039,250,1,0,1,0,0,0
853,1.48164e-51,0.117039,250,1,0,1,0,0,0
854,1.48164e-51,0.117039,250,1,0,1,0,0,0
855,1.48164e-51,0.117039,250,1,0,1,0,0.000976562,0.000976562
856,1.48164e-51,0.117039,250,1,0,1,0,0,0
857,1.48164e-51,0.117039,250,1,0,1,0,0,0
858,1.48164e-51,0.117039,250,1,0,1,0,0,0
859,1.48164e-51,0.117039,250,1,0,1,0,0.000976562,0.000976562
860,1.48164e-51,0.117039,250,1,0,1,0,0,0
861,1.48164e-51,0.117039,250,1,0,1,0,0,0
862,1.48164e-51,0.117039,250,1,0,1,0,0,0
863,1.48164e-51,0.117039,250,1,0,1,0,0,0
864,1.48164e-51,0.117039,250,1,0,1,0,0,0
865,1.48164e-51,0.117039,250,1,0,1,0,0,0
866,1.48164e-51,0.117039,250,1,0,1,0,0,0
867,1.48164e-51,0.117039,250,1,0.000976562,1,0,0.000976562,0.000976562
868,1.48164e-51,0.117039,250,1,0.000976562,1,0,0,0
869,1.48164e-51,0.117039,250,1,0.000976562,1,0,0,0
870,1.48019e-51,0.117073,250,0.999023,0.00390625,0.999023,0,0.000976562,0.000976562
871,1.48164e-51,0.117039,250,1,0.00390625,1,0,0,0
872,1.48164e-51,0.117039,250,1,0.00195312,1,0,0,0
873,1.48164e-51,0.117039,250,1,0.00195312,1,0,0,0
874,1.48164e-51,0.117039,250,1,0,1,0,0,0
875,1.48164e-51,0.117039,250,1,0,1,0,0,0
876,1.48164e-51,0.117039,250,1,0,1,0,0.000976562,0.000976562
877,1.48164e-51,0.117039,250,1,0,1,0,0,0
878,1.48164e-51,0.117039,250,1,0,1,0,0,0
879,1.48164e-51,0.117039,250,1,0,1,0,0,0
880,1.48164e-51,0.117039,250,1,0,1,0,0,0
881,1.48164e-51,0.117039,250,1,0,1,0,0,0
882,1.48164e-51,0.117039,250,1,0,1,0,0,0
883,1.48164e-51,0.117039,250,1,0,1,0,0,0
884,1.48164e-51,0.117039,250,1,0,1,0,0,0
885,1.48164e-51,0.117039,250,1,0,1,0,0,0
886,1.48164e-51,0.117039,250,1,0,1,0,0,0
887,1.48164e-51,0.117039,250,1,0,1,0,0,0
888,1.48164e-51,0.117039,250,1,0,1,0,0,0
889,1.48164e-51,0.117039,250,1,0,1,0,0,0
890,1.48164e-51,0.117039,250,1,0,1,0,0,0
891,1.48164e-51,0.117039,250,1,0,1,0,0,0
892,1.48164e-51,0.117039,250,1,0,1,0,0,0
893,1.48164e-51,0.117039,250,1,0,1,0,0,0
894,1.48164e-51,0.117039,250,1,0,1,0,0,0
895,1.48164e-51,0.117039,250,1,0,1,0,0,0
896,1.48164e-51,0.117039,250,1,0,1,0,0,0
897,1.48164e-51,0.117039,250,1,0,1,0,0,0
898,1.48164e-51,0.117039,250,1,0,1,0,0,0
899,1.48164e-51,0.117039,250,1,0,1,0,0,0
900,1.48164e-51,0.117039,250,1,0,1,0,0,0
901,1.48164e-51,0.117039,250,1,0,1,0,0,0
902,1.48164e-51,0.117039,250,1,0,1,0,0,0
903,1.48164e-51,0.117039,250,1,0,1,0,0,0
904,1.48164e-51,0.117039,250,1,0,1,0,0,0
905,1.4793e-51,0.117055,250,1,0.000976562,1,0,0.00292969,0.00292969
906,1.48075e-51,0.11704,250,1,0.00195312,1,0,0,0
907,1.47985e-51,0.117041,250,1,0.00195312,1,0,0,0
908,1.48164e-51,0.117039,250,1,0.00390625,1,0,0.000976562,0.000976562
909,1.48164e-51,0.117039,250,1,0.00585938,1,0,0,0
910,1.48164e-51,0.117039,250,1,0.00488281,1,0,0,0
911,1.48164e-51,0.117039,250,1,0.00683594,1,0,0,0
912,1.48019e-51,0.117054,250,1,0.00585938,1,0,0.00195312,0.00195312
913,1.48164e-51,0.117039,250,1,0.00585938,1,0,0,0
914,1.48164e-51,0.117039,250,1,0.00390625,1,0,0,0
915,1.48164e-51,0.117039,250,1,0.00390625,1,0,0,0
916,1.48164e-51,0.117039,250,1,0.00195312,1,0,0,0
917,1.48164e-51,0.117039,250,1,0.000976562,1,0,0,0
918,1.48164e-51,0.117039,250,1,0.00195312,1,0,0,0
919,1.48164e-51,0.117039,250,1,0.00292969,1,0,0,0
920,1.48019e-51,0.117054,250,1,0.00488281,1,0,0.00195312,0.00195312
921,1.48164e-51,0.117039,250,1,0.00488281,1,0,0,0
922,1.48164e-51,0.117039,250,1,0.00488281,1,0,0,0
923,1.48164e-51,0.117039,250,1,0.00195312,1,0,0,0
924,1.48164e-51,0.117039,250,1,0,1,0,0,0
925,1.48164e-51,0.117039,250,1,0,1,0,0.000976562,0.000976562
926,1.48019e-51,0.117073,250,1,0,0.999023,0.000976562,0.00195312,0.00195312
927,1.48164e-51,0.117039,250,1,0,1,0,0.000976562,0.000976562
928,1.48164e-51,0.117039,250,1,0,1,0,0,0
929,1.48164e-51,0.117039,250,1,0.000976562,1,0,0.000976562,0.000976562
930,1.48164e-51,0.117039,250,1,0.00195312,1,0,0,0
931,1.48164e-51,0.117039,250,1,0,1,0,0,0
932,1.48164e-51,0.117039,250,1,0,1,0,0.000976562,0.000976562
933,1.48164e-51,0.117039,250,1,0,1,0,0,0
934,1.48164e-51,0.117039,250,1,0,1,0,0,0
935,1.48164e-51,0.117039,250,1,0,1,0,0,0
936,1.48164e-51,0.117039,250,1,0,1,0,0.00195312,0.00195312
937,1.48164e-51,0.117039,250,1,0,1,0,0,0
938,1.48164e-51,0.117039,250,1,0,1,0,0,0
939,1.48164e-51,0.117039,250,1,0,1,0,0,0
940,1.48164e-51,0.117039,250,1,0,1,0,0,0
941,1.48164e-51,0.117039,250,1,0,1,0,0,0
942,1.48164e-51,0.117039,250,1,0,1,0,0,0
943,1.48164e-51,0.117039,250,1,0,1,0,0.000976562,0.000976562
944,1.48164e-51,0.117039,250,1,0,1,0,0,0
945,1.48164e-51,0.117039,250,1,0,1,0,0,0
946,1.48164e-51,0.117039,250,1,0,1,0,0,0
947,1.48164e-51,0.117039,250,1,0,1,0,0,0
948,1.48164e-51,0.117039,250,1,0,1,0,0,0
949,1.48164e-51,0.117039,250,1,0,1,0,0,0
950,1.48164e-51,0.117039,250,1,0,1,0,0.000976562,0.000976562
951,1.48164e-51,0.117039,250,1,0,1,0,0,0
952,1.48164e-51,0.117039,250,1,0,1,0,0,0
953,1.48164e-51,0.117039,250,1,0,1,0,0.000976562,0.000976562
954,1.48164e-51,0.117039,250,1,0,1,0,0.000976562,0.000976562
955,1.48164e-51,0.117039,250,1,0,1,0,0,0
956,1.48164e-51,0.117039,250,1,0,1,0,0,0
957,1.48164e-51,0.117039,250,1,0,1,0,0.000976562,0.000976562
958,1.48164e-51,0.117039,250,1,0,1,0,0.000976562,0.000976562
959,1.48164e-51,0.117039,250,1,0,1,0,0,0
960,1.48019e-51,0.117073,250,1,0,1,0,0.000976562,0.000976562
961,1.48164e-51,0.117039,250,1,0,1,0,0,0
962,1.48164e-51,0.117039,250,1,0,1,0,0,0
963,1.48164e-51,0.117039,250,1,0,1,0,0,0
964,1.48164e-51,0.117039,250,1,0,1,0,0.000976562,0.000976562
965,1.48164e-51,0.117039,250,1,0,1,0,0,0
966,1.48164e-51,0.117039,250,1,0,1,0,0,0
967,1.48164e-51,0.117039,250,1,0,1,0,0.000976562,0.000976562
968,1.48164e-51,0.117039,250,1,0,1,0,0,0
969,1.48164e-51,0.117039,250,1,0,1,0,0,0
970,1.48164e-51,0.117039,250,1,0,1,0,0,0
971,1.48164e-51,0.117039,250,1,0,1,0,0,0
972,1.48164e-51,0.117039,250,1,0,1,0,0,0
973,1.48164e-51,0.117039,250,1,0,1,0,0,0
974,1.48164e-51,0.117039,250,1,0,1,0,0,0
975,1.48164e-51,0.117039,250,1,0,1,0,0,0
976,1.48164e-51,0.117039,250,1,0,1,0,0,0
977,1.48164e-51,0.117039,250,1,0,1,0,0,0
978,1.48164e-51,0.117039,250,1,0,1,0,0.000976562,0.000976562
979,1.48164e-51,0.117039,250,1,0,1,0,0,0
980,1.48164e-51,0.117039,250,1,0,1,0,0,0
981,1.48164e-51,0.117039,250,1,0,1,0,0.000976562,0.000976562
982,1.48164e-51,0.117039,250,1,0,1,0,0,0
983,1.48164e-51,0.117039,250,1,0,1,0,0,0
984,1.48164e-51,0.117039,250,1,0,1,0,0,0
985,1.48164e-51,0.117039,250,1,0,1,0,0,0
986,1.48164e-51,0.117039,250,1,0,1,0,0,0
987,1.48164e-51,0.117039,250,1,0,1,0,0,0
988,1.48164e-51,0.117039,250,1,0,1,0,0,0
989,1.48164e-51,0.117039,250,1,0,1,0,0,0
990,1.48019e-51,0.117054,250,1,0,1,0,0.000976562,0.000976562
991,1.48164e-51,0.117039,250,1,0,1,0,0.000976562,0.000976562
992,1.48164e-51,0.117039,250,1,0,1,0,0,0
993,1.48164e-51,0.117039,250,1,0,1,0,0,0
994,1.48164e-51,0.117039,250,1,0,1,0,0,0
995,1.48164e-51,0.117039,250,1,0,1,0,0.000976562,0.000976562
996,1.48164e-51,0.117039,250,1,0,1,0,0,0
997,1.48164e-51,0.117039,250,1,0,1,0,0,0
998,1.48164e-51,0.117039,250,1,0,1,0,0,0
999,1.48164e-51,0.117039,250,1,0,1,0,0,0
1000,1.48019e-51,0.117054,250,1,0.000976562,1,0,0.000976562,0.000976562
